of,2978
in,2640
the,2110
and,1519
a,1207
for,617
quantum,603
model,597
on,476
with,419
to,360
phase,285
spin,284
magnetic,278
theory,276
systems,257
transition,239
field,209
dynamics,197
at,179
from,178
states,173
properties,170
critical,169
effect,164
an,164
hall,157
models,156
by,150
state,149
superconductors,148
lattice,145
random,145
effects,141
temperature,137
two-dimensional,136
approach,131
disordered,127
electron,115
study,113
hubbard,113
transport,107
density,106
two,105
ising,105
system,104
vortex,103
transitions,101
scattering,99
surface,97
structure,97
scaling,94
superconducting,93
one-dimensional,92
fluctuations,91
finite,91
tunneling,89
behavior,89
bose-einstein,88
chain,88
dynamical,86
liquid,85
charge,85
interaction,83
gas,81
order,81
electronic,79
energy,77
mesoscopic,76
between,76
heisenberg,75
monte,72
correlations,71
carlo,71
superconductivity,71
coupled,69
dimensions,68
2d,67
renormalization,67
chains,67
exact,67
induced,67
group,66
interacting,66
comment,62
statistics,62
granular,62
fermi,61
interactions,61
structures,61
high,61
noise,61
glass,60
disorder,59
symmetry,58
correlation,58
kondo,58
single,58
diffusion,57
as,57
analysis,57
new,57
equation,57
function,57
effective,55
josephson,55
anisotropic,55
anomalous,54
localization,54
optical,54
excitations,54
coupling,54
functions,53
near,53
ground,52
dimensional,52
response,52
relaxation,51
correlated,51
matrix,51
flow,51
antiferromagnetic,51
bose,50
diagram,50
coulomb,49
low,49
local,48
growth,48
electrons,48
dynamic,47
method,47
metallic,46
evidence,46
point,46
numerical,46
driven,45
conductivity,45
t-j,45
gap,45
classical,45
distribution,45
superconductor,44
fields,44
stochastic,44
ferromagnetic,44
junctions,44
condensate,43
particles,43
percolation,43
ordering,43
double,43
metal-insulator,42
potential,42
solution,42
dependence,42
spectral,42
simulations,42
surfaces,42
dots,42
level,42
films,42
doped,42
fermions,42
polymer,42
d-wave,41
generalized,41
crystals,41
mechanics,41
stability,41
magnetoresistance,40
n,40
thermodynamics,40
equations,40
edge,40
three-dimensional,39
boundary,39
statistical,39
impurity,39
wave,39
conductance,39
through,39
using,39
formation,39
impurities,38
pairing,38
thermal,38
magnetization,38
exchange,38
cuprates,38
strong,38
processes,38
fractional,38
spectrum,38
large,38
periodic,37
glasses,37
waves,37
universality,37
trapped,36
media,36
universal,36
crystal,36
current,36
lattices,36
condensation,36
approximation,35
traffic,35
quasiparticle,35
phases,35
problem,35
condensates,35
one,34
molecular,34
spectra,34
nonlinear,34
potts,33
resonant,33
metal,33
hamiltonian,33
strongly,33
application,32
particle,32
fermion,32
vortices,32
simulation,32
superfluid,32
modes,32
gauge,32
results,32
long-range,32
liquids,32
chiral,32
crossover,32
collective,31
limit,31
time,31
integrable,31
diffusive,31
anderson,31
chaotic,31
dimension,31
three,31
regime,31
antiferromagnets,30
carbon,30
composite,30
evolution,30
spectroscopy,30
flux,30
ladder,30
expansion,30
chaos,30
topological,30
size,30
microscopic,30
instability,29
frustrated,29
band,29
force,29
simple,29
calculations,29
range,28
heat,28
-,28
solutions,28
motion,28
gases,28
influence,28
thermodynamic,28
exponents,28
dielectric,28
orbital,28
polymers,27
equilibrium,27
structural,27
small,27
layered,27
:,27
kinetics,27
mechanism,27
ladders,26
antiferromagnet,26
domain,26
protein,26
calculation,26
spin-peierls,26
separation,26
dot,26
ab,26
kinetic,25
insulator,25
mean,25
parameter,25
due,25
networks,25
under,25
model:,25
thin,25
first,25
initio,25
nonequilibrium,24
scalar,24
oscillations,24
o,24
complex,24
corrections,24
landau,24
microwave,24
physics,24
xy,24
symmetric,24
external,24
hard,24
extended,24
hopping,24
presence,24
manganites,24
cellular,23
systems:,23
their,23
elastic,23
weak,23
coherent,23
spin-1/2,23
conditions,23
materials,23
potentials,23
clusters,23
description,23
free,23
mott,23
cluster,22
charged,22
role,22
entropy,22
origin,22
long,22
hole,22
comparison,22
melting,22
is,22
neural,22
binary,22
studies,22
atomic,22
mixed,22
mass,21
versus,21
folding,21
ferromagnets,21
doping,21
theories,21
anisotropy,21
electric,21
its,21
mixtures,21
resonance,21
breaking,21
interfaces,21
dissipation,21
dissipative,21
polaron,21
resistivity,21
underdoped,21
pseudogap,21
attractive,20
length,20
conformal,20
fractal,20
1d,20
matter,20
bosons,20
cuprate,20
distributions,20
excitation,20
behaviour,20
bethe,20
phenomena,20
network,20
discrete,20
number,20
transverse,20
interface,20
bound,20
general,20
nanotubes,20
1,20
algorithm,19
arrays,19
finite-size,19
atoms,19
anomaly,19
conductors,19
currents,19
boundaries,19
temperatures,19
mean-field,19
conduction,19
pair,19
andreev,19
coherence,19
novel,19
confined,19
fermionic,18
absence,18
specific,18
functional,18
inhomogeneous,18
negative,18
exclusion,18
observation,18
s=1/2,18
solids,18
exponent,18
perturbation,18
linear,18
absorption,18
silicon,18
suppression,18
defects,18
3d,18
theoretical,18
film,17
heavy,17
xxz,17
phonon,17
investigation,17
magnets,17
square,17
measurements,17
normal,17
fluctuation,17
non-linear,17
localized,17
spontaneous,17
solid,17
ferromagnetism,17
inelastic,17
interlayer,17
gaps,17
directed,17
flows,17
modeling,17
dilute,17
adsorption,17
blockade,17
unconventional,17
path,17
infinite,16
self-consistent,16
some,16
high-t_c,16
type,16
sandpile,16
fluid,16
line,16
so,16
magnetism,16
variational,16
ferromagnet,16
duality,16
space,16
amorphous,16
weakly,16
half-filled,16
open,16
relation,16
integral,16
exactly,16
2,16
decay,16
glassy,16
collapse,15
semiconductors,15
bulk,15
bilayer,15
physical,15
electromagnetic,15
via,15
zero,15
ii,15
peak,15
asymmetric,15
walks,15
persistent,15
single-electron,15
transistor,15
within,15
quantized,15
supersymmetric,15
transmission,15
semiclassical,15
polarization,15
ac,15
screening,15
reply,15
wires,15
5,15
ballistic,15
bosonization,15
phonons,15
points,15
wire,15
ansatz,15
metals,15
continuous,15
without,15
brownian,15
non-equilibrium,15
semiconductor,14
contact,14
van,14
factor,14
raman,14
dependent,14
condensed,14
measurement,14
i,14
contacts,14
depth,14
grain,14
filling,14
how,14
matrices,14
compound,14
spatial,14
ordered,14
x-ray,14
high-tc,14
series,14
field:,14
arbitrary,14
self-organized,14
dimerization,14
class,14
spherical,14
luttinger,14
layer,14
many-body,14
emission,14
symmetries,14
perovskite,14
picture,14
stress,14
replica,13
su,13
pressure,13
stationary,13
around,13
nucleation,13
shot,13
methods,13
loop,13
harmonic,13
second,13
singularities,13
low-temperature,13
soliton,13
solvable,13
solitons,13
beyond,13
well,13
or,13
patterns,13
forces,13
wetting,13
persistence,13
based,13
randomly,13
stripe,13
problems,13
nematic,13
0,13
automata,12
absorbing,12
bcs,12
pinning,12
highly,12
traps,12
ybco,12
propagation,12
breakdown,12
canonical,12
macroscopic,12
electron-phonon,12
adiabatic,12
probability,12
frequency,12
computer,12
moving,12
neutron,12
laws,12
medium,12
passive,12
non,12
friction,12
insulating,12
spin-glass,12
spreading,12
invariance,12
modulated,12
shape,12
holstein,12
metastable,12
si,12
degeneracy,12
reflection,12
multiple,12
4,12
levels,12
weight,12
rotating,12
chemical,12
experiments,11
superlattices,11
incommensurate,11
c-axis,11
plane,11
manifolds,11
hysteresis,11
3,11
dimerized,11
implications,11
rate,11
alloys,11
splitting,11
interference,11
reaction,11
slow,11
hierarchical,11
triangular,11
determination,11
test,11
compact,11
devices,11
photonic,11
planar,11
core,11
penetration,11
case,11
tc,11
operator,11
perturbative,11
groups,11
insulators,11
depinning,11
data,11
diluted,11
revisited,11
velocity,11
treatment,11
scanning,11
interplay,11
drag,11
peierls,11
non-fermi,11
analytical,11
hartree-fock,11
array,11
supercooled,11
resonances,11
skyrmions,11
criticality,11
gravity,11
applications,11
light,11
layers,11
photoemission,11
part,11
computation,11
high-temperature,11
colossal,11
green's,10
learning,10
mobility,10
turbulence,10
renormalization-group,10
renormalized,10
features,10
fixed,10
quenched,10
experimental,10
walls,10
jahn-teller,10
fast,10
resistance,10
direct,10
classes,10
global,10
imaging,10
minimal,10
strong-coupling,10
formalism,10
ensemble,10
short,10
wells,10
2-d,10
radiation,10
mixture,10
market,10
type-ii,10
regimes,10
paramagnetic,10
ground-state,10
aggregation,10
asymptotic,10
process,10
josephson-junction,10
antiferromagnetism,10
ginzburg-landau,10
scale,10
coarsening,10
wall,10
tunnelling,10
organic,10
higher,10
ions,10
broken,10
enhancement,10
information,10
oscillator,10
fluids,10
111,10
ensembles,10
lennard-jones,10
integer,10
001,10
segregation,10
spheres,10
junction,10
time-dependent,10
transfer,10
quasiparticles,9
above,9
limited,9
columnar,9
angular,9
nanostructures,9
mechanical,9
non-hermitian,9
ring,9
coefficients,9
mixing,9
parity,9
into,9
switching,9
selection,9
oxides,9
x,9
nmr,9
molecule,9
lyapunov,9
hydrogen,9
fully,9
law,9
partition,9
parallel,9
qcd,9
defect,9
roughening,9
molecules,9
stripes,9
electrical,9
geometry,9
coexistence,9
membrane,9
spins,9
anomalies,9
changes,9
competing,9
quasi-one-dimensional,9
dmrg,9
wigner,9
hamiltonians,9
design,9
isotropic,9
membranes,9
vacuum,9
qed,9
chern-simons,9
realistic,9
compounds,9
domains,9
static,9
step,9
excited,9
degenerate,9
homogeneous,9
momentum,9
oxide,9
profiles,9
exciton,9
proximity,9
proteins,9
sr,9
expansions,9
possible,9
interfacial,9
avalanche,9
graphs,9
low-energy,9
algorithms,8
giant,8
automaton,8
helium,8
nature,8
low-dimensional,8
elementary,8
pairs,8
fe,8
upper,8
dirac,8
logarithmic,8
control,8
generation,8
form,8
vector,8
intensity,8
site,8
rates,8
aspects,8
avalanches,8
fokker-planck,8
near-field,8
trap,8
multilayer,8
infrared,8
alternating,8
nuclear,8
competition,8
game,8
densities,8
lowest,8
string,8
maps,8
continuum,8
are,8
term,8
energies,8
principles,8
inversion,8
turbulent,8
amplitude,8
---,8
binding,8
burgers,8
damping,8
scenario,8
walk,8
realization,8
rings,8
falicov-kimball,8
superconductor-insulator,8
aharonov-bohm,8
heterogeneous,8
c,8
invariant,8
financial,8
gaussian,8
aging,8
non-abelian,8
theorem,8
confinement,8
laser,8
casimir,8
generalization,8
decoherence,8
abelian,8
vs,8
improved,8
ideal,8
integrals,8
polyelectrolytes,8
dispersion,8
relations,8
reconstruction,8
conducting,8
t_c,8
landscape,8
conservation,8
tight-binding,8
finite-temperature,8
u,8
hybrid,8
oxygen,8
boson,8
barrier,8
short-range,8
reactions,8
polydisperse,8
dislocation,8
itinerant,7
upon,7
curves,7
plasma,7
reversal,7
haldane,7
factors,7
formulation,7
entanglement,7
superconductors:,7
bloch,7
berry,7
spin-orbit,7
intrinsic,7
acoustic,7
instabilities,7
clustering,7
single-particle,7
vertex,7
microscopy,7
randomness,7
introduction,7
dense,7
hydrodynamics,7
minimum,7
copper,7
sound,7
representation,7
optimal,7
manifestation,7
nav_2o_5,7
region,7
scales,7
quasicrystals,7
3he,7
billiards,7
probing,7
susceptibility,7
sigma,7
cubic,7
mediated,7
sphere,7
lines,7
memory,7
power,7
mott-hubbard,7
partial,7
damage,7
water,7
field-induced,7
quantitative,7
excitons,7
1/2,7
hidden,7
dimer,7
frenkel-kontorova,7
volatility,7
applied,7
towards,7
after,7
quench,7
coalescence,7
spinless,7
trapping,7
it,7
fracture,7
oscillators,7
total,7
mode,7
first-order,7
cooling,7
synchronization,7
sets,7
delocalization,7
$^4$he,7
lattice:,7
internal,7
rule,7
100,7
models:,7
modified,7
cylinders,7
studied,7
relativistic,7
cu,7
evolutionary,7
electrostatic,7
plateau,7
thermopower,7
crystalline,7
derivation,7
--,7
nonmagnetic,7
relationship,7
barriers,7
component,7
lifetimes,7
probe,7
shear,7
sliding,7
incoherent,7
possibility,7
clean,7
integrability,7
epitaxial,7
multilayers,7
pure,7
do,6
below,6
hove,6
empirical,6
fractals,6
polyelectrolyte,6
bosonic,6
diagrams,6
bounds,6
multifractality,6
carrier,6
population,6
probabilistic,6
dislocations,6
electron-electron,6
approximations,6
modulation,6
voltage,6
conserving,6
grains,6
charging,6
edges,6
steady,6
density-matrix,6
two-component,6
optimization,6
does,6
quasi-particle,6
rigidity,6
irreversibility,6
langevin,6
parameters,6
flux-line,6
two-leg,6
limits,6
exponential,6
poisson,6
ferroelectric,6
moments,6
$,6
thermally,6
constant,6
waveguides,6
formula,6
product,6
orbit,6
any,6
green,6
kardar-parisi-zhang,6
4he,6
representations,6
constants,6
variable,6
distortion,6
algebra,6
supersymmetry,6
repulsion,6
block,6
concentration,6
c60,6
across,6
kosterlitz-thouless,6
graphite,6
manganese,6
advection,6
ab-initio,6
temperature-dependent,6
polymers:,6
nonlocal,6
initial,6
frustration,6
freezing,6
calogero-sutherland,6
construction,6
quantization,6
gapless,6
porous,6
master,6
nanowires,6
magnet,6
collision,6
delay,6
translation,6
contribution,6
monolayers,6
oscillating,6
recent,6
atom,6
magnons,6
map,6
excitonic,6
different,6
t,6
n-vector,6
d,6
polynomials,6
interfaces:,6
algebras,6
reduction,6
conductors:,6
paired,6
collisions,6
inverse,6
vicinal,6
copolymers,6
moment,6
three-state,6
microcanonical,6
longitudinal,6
sign,6
principle,6
la,6
monolayer,6
crystallization,6
histogram,6
objects,6
spatially,6
dephasing,6
circular,6
dipolar,6
disks,6
eigenstates,6
couplings,6
<,6
s-wave,6
gold,6
partially,6
material,6
bacterial,6
half-filling,6
neutral,6
stratification,6
two-photon,6
marginal,5
testing,5
contributions,5
deterministic,5
alkali,5
singularity,5
random-field,5
110,5
neighbor,5
staggered,5
lack,5
variation,5
onset,5
diffuse,5
energetics,5
skyrmion,5
real,5
species,5
ii:,5
maximum,5
transformation,5
chloride,5
singular,5
parametric,5
nonadiabatic,5
isotope,5
b=0,5
cavity,5
two-level,5
vibrational,5
conventional,5
temperature:,5
mechanisms,5
stock,5
crashes,5
droplet,5
condition,5
zeros,5
bias,5
view,5
alpha'-nav2o5,5
q,5
ni,5
angle,5
shell,5
operators,5
uniform,5
analog,5
viscous,5
activated,5
creep,5
multiplicative,5
thresholds,5
narrow,5
cylindrical,5
shot-noise,5
der,5
bond,5
self,5
out,5
dots:,5
destruction,5
transistors,5
colloidal,5
microscope,5
shift,5
framework,5
support,5
escape,5
system:,5
capacitively,5
wannier,5
diffusion-limited,5
renormalisation,5
pattern,5
markets,5
reaction-diffusion,5
thickness,5
flexible,5
characteristics,5
triplet,5
many,5
desorption,5
connected,5
action,5
rigorous,5
detection,5
sequence,5
fluctuating,5
cell,5
s=1,5
phase-ordering,5
magnetic-field-induced,5
about,5
tension,5
spin-1,5
ferrimagnetic,5
degrees,5
freedom,5
striped,5
manganites:,5
lateral,5
samples,5
algebraic,5
probabilities,5
spinor,5
connection,5
sand,5
geometric,5
scheme,5
surfactants,5
coefficient,5
magnetoconductance,5
smooth,5
pb,5
autocorrelation,5
dimensionality,5
pinned,5
fragmentation,5
rough,5
graph,5
elasticity,5
curved,5
complexity,5
non-adiabatic,5
cugeo_3,5
configuration,5
nav2o5,5
progress,5
surface:,5
equivalence,5
manganite,5
constraints,5
modular,5
tunnel,5
bistable,5
quantum-dot,5
self-assembled,5
configurations,5
decomposition,5
p-spin,5
aperiodic,5
massless,5
efficient,5
amplitudes,5
dispersive,5
reversible,5
rare,5
quasi,5
iii-v,5
disorder-induced,5
k,5
frequency-dependent,5
magnetoresistive,5
states:,5
unified,5
spinons,5
vibrated,5
what,5
polarized,5
strings,5
three-band,5
holstein-hubbard,5
strength,5
resolved,5
soft,5
thermoelectric,5
sine-gordon,5
branching,5
hydrodynamic,5
q-state,5
sandpiles,5
beta,5
p-wave,5
experiment,5
1-x,5
closed,5
large-n,5
schroedinger,5
pricing,5
meissner,5
carriers,5
short-time,5
j,5
analytic,5
ion,5
magnetotransport,5
torus,5
polyampholytes,4
self-gravitating,4
fragile,4
substrates,4
gw,4
simplified,4
bands,4
cyclic,4
off-equilibrium,4
media:,4
capacity,4
s,4
crossing,4
quasiperiodic,4
planes,4
lifetime,4
stiffness,4
overdoped,4
high-$t_c$,4
foundation,4
deformed,4
curve,4
bose-hubbard,4
eigenvalues,4
dual,4
alloy,4
dimension:,4
numbers,4
s-matrix,4
combining,4
liquid:,4
systematic,4
body,4
family,4
structures:,4
gradient,4
identities,4
multi-channel,4
low-lying,4
nearly,4
ultrasmall,4
conjecture,4
matching,4
alloys:,4
prediction,4
strain,4
embedded,4
electrodynamics,4
artificial,4
approximate,4
levy,4
flights,4
crossovers,4
metals:,4
trajectories,4
driving,4
superconductivity?,4
ybacuo,4
dc,4
two-species,4
rules,4
sparsely,4
bending,4
quarter-filled,4
cycles,4
intermittency,4
large-scale,4
boltzmann,4
lamellar,4
characteristic,4
approaches,4
magnetically,4
width,4
fixed-node,4
extreme,4
counting,4
assisted,4
forward,4
curvature,4
modelling,4
when,4
early,4
universe,4
sierpinski,4
additive,4
sum,4
two-state,4
clusters:,4
three-loop,4
non-fermi-liquid,4
spanning,4
traveling,4
cugeo3,4
waals,4
cross-over,4
profile,4
self-averaging,4
spacing,4
times,4
photoluminescence,4
colloids,4
heavy-fermion,4
like,4
charges,4
parisi,4
adsorbed,4
perovskites,4
lengths,4
bedt-ttf,4
dynamically,4
kinks,4
biased,4
active,4
heteropolymers,4
chains:,4
transverse-field,4
steps,4
plastic,4
can,4
hausdorff,4
dirty,4
controlled,4
beam,4
upt_3,4
anyonic,4
globally,4
determine,4
cumulant,4
oscillatory,4
accurate,4
fluctuation-dissipation,4
elements,4
perspective,4
computing,4
natural,4
conductances,4
dna,4
two-band,4
multifractal,4
london,4
time-reversal,4
adaptive,4
gaas/algaas,4
uniaxial,4
?,4
holes,4
antiferromagnets:,4
brittle,4
self-similar,4
restricted,4
kink,4
growing,4
umklapp,4
nodal,4
lambda,4
ultra-thin,4
amphiphilic,4
related,4
metastability,4
clouds,4
bi-2212,4
have,4
determinants,4
schrödinger,4
complete,4
projection,4
technique,4
$t-j$,4
anharmonic,4
kernel,4
self-energy,4
semi-infinite,4
other,4
first-principles,4
centers,4
+,4
pseudopotentials,4
surfactant,4
anyons,4
billiard,4
mapping,4
up,4
generic,4
1/3,4
price,4
threshold,4
spinon,4
squeezed,4
topology,4
-symmetric,4
spiral,4
broadening,4
dyson,4
yba2cu3o7-d,4
output,4
slave,4
gravitational,4
i:,4
zeeman,4
la0,4
nanotube,4
cuo,4
two-chain,4
la_{0,4
effect:,4
reorientation,4
error,4
end,4
fronts,4
schwinger,4
]$,4
polynomial,4
cooperative,4
nonlocality,4
nearest-neighbour,4
liquids:,4
nanoscale,4
co,4
quantum-classical,4
arbitrarily,4
pedestrian,4
ionic,4
transition:,4
strip,4
mathematical,4
behavioral,4
junctions:,4
half-metallic,4
self-avoiding,4
bonds,4
signatures,4
plasmon,4
nanoparticles,4
fluxon,4
magnon,4
undoped,4
geometrically,4
loops,4
depletion,4
spin-wave,4
off-diagonal,4
one-component,4
silver,4
correction,4
production,4
polarons,4
dipole,4
gated,4
conserved,4
isolated,4
cores,4
nonuniform,4
cuau,4
two-channel,4
spinodal,4
density-functional,4
plateaus,4
recombination,4
nanotubes:,4
dissociation,4
attraction,4
compressible,4
biological,4
infinitely,4
consequences,4
mesh,4
various,4
emergence,4
distortions,4
non-magnetic,4
chemistry,4
stabilization,4
xyz,4
against,4
orientational,4
crystals:,4
shallow,4
cascade,4
broad,4
lorentzian,4
multidimensional,4
glasses:,4
wavefunction,4
"comment,4
pseudogaps,4
frequencies,4
quadratic,4
unstable,4
intermediate,4
solving,4
tricritical,4
gan,4
perturbations,4
vesicles,4
fundamental,4
hard-sphere,4
failure,4
three-body,3
signature,3
diamond-like,3
aggregates,3
commensurate,3
shadow,3
change,3
lotka-volterra,3
random-bond,3
t*,3
divergent,3
-dimensional,3
amplification,3
w,3
fermions:,3
3-state,3
eden,3
evolving,3
$t_{c}$,3
one-parameter,3
current-carrying,3
forced,3
ratchet,3
winding,3
configurational,3
channels,3
flowing,3
slave-boson,3
one-dimension,3
localisation,3
circuit,3
eight-state,3
minima,3
measures,3
3he-b,3
spin-polarized,3
cracks,3
screened,3
cyclotron,3
derivatives,3
ostwald,3
ripening,3
irradiated,3
reflectivity,3
gaas,3
generalizing,3
annealing,3
",3
silica,3
repulsive,3
opening,3
strategy,3
risky,3
deep,3
imperfect,3
1/f,3
non-local,3
non-zero,3
spin-gap,3
quasi-particles,3
coded,3
tl2ba2cuo6,3
ashkin-teller,3
very,3
leading,3
concepts,3
statistics:,3
neurons,3
interest,3
partitioning,3
reentrant,3
quantum-mechanical,3
position,3
3he-a,3
leads,3
backward,3
semiconductors:,3
quantum-hall,3
walkers,3
polycrystalline,3
three-,3
inhomogeneity,3
bak-sneppen,3
many-particle,3
aharonov-casher,3
d=3,3
arrays:,3
extension,3
background,3
common,3
twist,3
axial,3
pore,3
differential,3
photodissociation,3
mixtures:,3
processing,3
quenching,3
conjugated,3
fullerenes,3
hexagonal,3
dimers,3
basis,3
scattering:,3
sigma-model,3
vertical,3
machines,3
bcc,3
sinai,3
icosahedral,3
just,3
a+a<-->a,3
identification,3
images,3
conformational,3
many-electron,3
signal,3
disorder:,3
temperatures:,3
be,3
deformation,3
non-perturbative,3
kpz,3
synchronized,3
stm,3
fluctuation-induced,3
nontrivial,3
interpretation,3
bubble,3
real-time,3
alignment,3
volume,3
estimation,3
unit,3
example,3
heterostructures,3
there,3
positive,3
earthquake,3
molecular-dynamics,3
non-crystalline,3
training,3
constrictions,3
ppp,3
phenomenological,3
peaks,3
spin-density,3
pseudo-gap,3
sns,3
gas:,3
along,3
droplets,3
langmuir,3
materials:,3
single-wall,3
reservoirs,3
multichannel,3
violation,3
multiple-spin,3
chain:,3
glass:,3
current-induced,3
facet,3
lagrangian,3
rod-like,3
jamming,3
concept,3
dry,3
knbo3,3
exchange-correlation,3
r,3
magnets:,3
arguments,3
circulating,3
convection,3
barkhausen,3
poisson-boltzmann,3
lipid,3
noisy,3
griffiths-mccoy,3
d=2,3
orthogonal,3
calogero,3
separable,3
h,3
transition-metal,3
interchain,3
two-coupled,3
double-well,3
nonlinearity,3
superconductor:,3
quanta,3
goldstone,3
/,3
sr2ruo4,3
invariants,3
valence,3
agents,3
truncated,3
nondegenerate,3
orbitals,3
nitride,3
we,3
toy,3
>,3
fraction,3
ferroelectrics,3
berry's,3
photon,3
ladder:,3
generated,3
particles:,3
calculating,3
formation:,3
1-d,3
ising-like,3
susceptibilities,3
helical,3
enhanced,3
extraction,3
fullerides,3
landscapes,3
polaritons,3
monopole,3
spin-half,3
massive,3
free-energy,3
hopfield,3
individual,3
exotic,3
impenetrable,3
observed,3
=,3
look,3
double-layer,3
ratio,3
lattice-gas,3
fundamentals,3
cuprates:,3
al,3
stacked,3
bscco,3
"quantum,3
la_,3
phi^4,3
cells,3
autocorrelations,3
reduced,3
phase-coherent,3
detailed,3
balance,3
hysteretic,3
bases,3
2-x,3
polymeric,3
couette,3
cold,3
creation,3
crack,3
diamagnetic,3
eigenvalue,3
spin-,3
resonators,3
sample,3
environments,3
amplifying,3
chalker-coddington,3
+/-j,3
eigenfunctions,3
relevance,3
four-dimensional,3
superalgebra,3
iii:,3
optics,3
state:,3
quantal,3
two-,3
shapes,3
second-order,3
earth,3
residual,3
extremely,3
zn,3
trail,3
instanton,3
capacitance,3
pyrochlore,3
easy-plane,3
pumping,3
3-dimensional,3
bubbles,3
unifying,3
polarised,3
computational,3
wavelet,3
quarter,3
self-dual,3
multiscale,3
interpolating,3
orders,3
full,3
robustness,3
quality,3
epitaxy,3
paths,3
melts,3
on-line,3
capillary,3
defined,3
g-factor,3
survival,3
hybridization,3
real-space,3
rheology,3
used,3
during,3
decaying,3
anyon,3
calogero-moser,3
precision,3
9,3
tube,3
s-,3
insulator:,3
element,3
self-trapping,3
gonihedric,3
superfluids,3
front,3
activity,3
determining,3
magnetic-field,3
si:b,3
von,3
designability,3
result,3
bilayers,3
ternary,3
disk,3
diagonal,3
$ν=1/2$,3
temperature-induced,3
quasi-one,3
incompressible,3
simulating,3
equilibration,3
la2-xsrxcuo4,3
electron-hole,3
environment,3
like-charged,3
exploring,3
torsion,3
bose-glass,3
twinned,3
projective,3
undergoing,3
multilevel,3
polar,3
ewald,3
ripples,3
homopolymer,3
oscillation,3
normal-state,3
heteropolymer,3
fluids:,3
option,3
2-channel,3
reptation,3
box,3
chromatic,3
colonies,3
intensities,3
one-particle,3
annealed,3
orientation,3
diagonalization,3
spin-orbital,3
0001,3
ca,3
superlattice,3
reflections,3
geometries,3
continuity,3
pt,3
coexisting,3
textures,3
cosmic,3
drude,3
plasmons,3
orbits,3
generalizations,3
matrices:,3
semiflexible,3
ν=,3
biaxial,3
coupling:,3
in-plane,3
probed,3
inhomogeneities,3
techniques,3
mobile,3
stacking,3
boson-fermion,3
correspondence,3
bifurcation,3
scatterers,3
existence,3
``critical,3
fields:,3
sensitivity,3
hard-core,3
arising,3
tree,3
melt,3
infra-red,3
four,3
singlet,3
wurtzite,3
toda,3
blocking,3
dynamics:,3
thermalization,3
why,3
close,3
superconductivity:,3
haldane-gap,3
nanomagnets,3
color,3
adaptation,3
variables,3
bound-states,2
collapsing,2
predictions,2
photon-assisted,2
long-lived,2
forming,2
selected,2
city,2
burgers',2
yba_2cu_3o_{7-delta},2
quasi-long-range,2
recursive,2
divergence,2
earthquakes,2
+-j,2
stick-slip,2
arching,2
fractures,2
genetic,2
band-width,2
perovskite-type,2
3d^1,2
square-lattice,2
evaluating,2
surface-induced,2
$t_c$,2
quasi-1d,2
annihilating,2
quasiclassical,2
kagome,2
destabilization,2
3he-4he,2
compressed,2
rubidium,2
emulsions,2
increase,2
autocatalytic,2
glass-like,2
multicomponent,2
remarks,2
non-gaussian,2
exciton-phonon,2
proof,2
sodium,2
solitary,2
suspensions,2
ε$,2
bose-gas,2
yba_2cu_3o_{7-δ},2
quantum-monte-carlo,2
lax,2
tmtsf,2
_2,2
tomonaga-luttinger,2
pumped,2
perceptrons,2
1/n,2
simulated,2
single-hole,2
rational,2
$φ^4$,2
cotunneling,2
next-nearest-neighbor,2
ward,2
ageing,2
nagel-schreckenberg,2
strained,2
electrodynamic,2
decoupling,2
rvb,2
cav4o9,2
portfolio,2
flat-band,2
keijsers,2
shklyarevskii,2
kempen,2
history,2
shape-dependent,2
steady-state,2
zeroth,2
self-control,2
non-analytic,2
that,2
statics,2
8,2
individuals,2
on:,2
urban,2
stretched,2
ripple,2
lattices:,2
shocks,2
corrugated,2
communities,2
accuracy,2
trace,2
advected,2
dimensions:,2
primordial,2
baryogenesis,2
defects:,2
changing,2
resummation,2
quasi-exactly,2
trains,2
center,2
even-odd,2
rolling,2
bridging,2
adlayer,2
deformations,2
reflectance,2
directional,2
impure,2
evaluation,2
multiterminal,2
variations,2
addition,2
submicron,2
birefringence,2
deviations,2
compressibility,2
$ν=,2
1/2$,2
graphical,2
eulerian,2
bipolaron,2
spin-fermion,2
incipient,2
gases:,2
spin-ladder,2
quantum-critical,2
cecu_{6-x}au_x,2
isothermal,2
averaging,2
photoexcited,2
translocation,2
symmetry-breaking,2
precursors,2
far-infrared,2
crossed,2
two-fluid,2
spin-one-half,2
he-3,2
deformable,2
solvent,2
poly,2
para-phenylene,2
polyaniline,2
d-p,2
exerted,2
tunneling:,2
review,2
organization,2
kagomé,2
disc,2
agent,2
fermiology,2
fcc,2
diamond,2
fingering,2
ferrofluids,2
spin-spin,2
batio3,2
maximally-localized,2
perovskites:,2
semi-classical,2
drift,2
imaginary,2
non-interacting,2
necessary,2
nqr,2
sharp,2
mnsi,2
straight,2
spatiotemporal,2
damped,2
disentangled,2
yba_2cu_4o_8,2
abrikosov,2
biexcitons,2
``two-dimensional,2
complexes'',2
unitary,2
two-point,2
braid,2
off-lattice,2
irreversible,2
random-phase,2
diffusing,2
small-angle,2
counterion,2
measuring,2
salesman,2
problem:,2
rigid,2
poles,2
cscucl3,2
completeness,2
extremal,2
feder,2
rectification,2
attractors,2
fluctuations:,2
dyson's,2
monotony,2
criterion,2
qed_3,2
lectures,2
haldane's,2
2+1,2
rouse,2
similarity,2
two-particle,2
interpolation,2
smoluchowski,2
affiliated,2
revised,2
chirality,2
proximity-coupled,2
compared,2
extending,2
leed,2
superstructures,2
smoothing,2
gd,2
immune,2
network:,2
hole-hole,2
compression,2
precursor,2
implement,2
square-diagonal,2
photoinduced,2
ductile,2
note,2
thouless,2
obeying,2
cu2,2
2cl4,2
backflow,2
local-moment,2
blends,2
spinning,2
parallelization,2
stiff,2
level:,2
composite-boson,2
bilinear-biquadratic,2
investigations,2
ginzburg,2
adiabaticity,2
non-uniform,2
bunching,2
b_{1g},2
harper,2
ferromagnetism:,2
hund's,2
underdamped,2
monte-carlo,2
euclidean,2
parabolic,2
discretization,2
g,2
back,2
one--dimensional,2
betaine,2
calcium,2
wall:,2
heavy-fermions,2
phenomenology,2
development,2
photoelectron,2
->,2
nonstationary,2
distinguishable,2
fock,2
associated,2
river,2
ultra,2
efficiency,2
viscosity,2
games,2
discontinuous,2
rapidly,2
spin-waves,2
approximation:,2
cantori,2
sites,2
protein-like,2
containing,2
extensive,2
sextic,2
enumeration,2
microstructures,2
lightly,2
fictitious,2
fluid-fluid,2
pareto,2
returns,2
booms,2
polymerized,2
band-structure,2
wannier-function-based,2
spin-s,2
practical,2
self-diffusion,2
five-loop,2
gapped,2
magnetohydrodynamic,2
piecewise,2
plasmas:,2
superluminal,2
pulse,2
n-body,2
examples,2
consistency,2
perfect,2
funnel,2
difference,2
rpa,2
feshbach,2
unbinding,2
source,2
rh,2
short-,2
segregated,2
diblock,2
earth's,2
aluminum,2
magnetoexcitons,2
v2o3,2
magneto-roton,2
crystal:,2
erosion,2
magneto-photoluminescence,2
wzw,2
heterogeneities,2
spin-phonon,2
self-assembly,2
bath,2
matter-wave,2
tsallis,2
diagrammatic,2
bimodal,2
shifts,2
understanding,2
room,2
data:,2
lévy,2
nested,2
spin-density-wave,2
waves:,2
designed,2
normalized,2
gasket,2
quadrumerization,2
yba2cu3o,2
tb-lmto,2
3mno3,2
self-duality,2
disks:,2
resolution,2
hydration,2
atom-atom,2
flocking,2
inclusions:,2
motor,2
few-body,2
ladders:,2
legs,2
double-exchange,2
non-universality,2
asymmetry,2
acceleration,2
cooper,2
folding:,2
side,2
angular-momentum,2
nonclassical,2
ultrathin,2
synthetic,2
peptide,2
huge,2
3}mno_3,2
transfer-matrix,2
lorentz,2
slab,2
two-body,2
spin-5/2,2
strategies,2
lee-yang,2
low-field,2
comparative,2
flip,2
ucu_4pd,2
economic,2
cfts,2
holonomy,2
cauchy,2
holstein-primakoff,2
$u_q[sl,2
hyperbolic,2
drum,2
encoding,2
caused,2
method:,2
hot,2
k-space,2
bose-condensed,2
q-deformed,2
superexchange,2
superconductor/insulator,2
puzzling,2
epidemic,2
events,2
neon,2
curvature-induced,2
logic,2
single-domain,2
others,2
storage,2
summation,2
estimates,2
minority,2
smoothed,2
correlators,2
laughlin,2
armchair,2
four-terminal,2
chiral-glass,2
friedel,2
observing,2
high-spin,2
high-symmetry,2
plaquette,2
trap:,2
wedge,2
off,2
perpendicular,2
evaporation,2
human,2
linear?",2
charge-density-waves,2
composites,2
annular,2
locking,2
fisher,2
soft-committee,2
scn,2
_4,2
zakharov,2
xsu,2
-invariant,2
social,2
microns,2
pedestrians,2
conservative,2
instantons,2
soluble,2
vortex-pair,2
relaxations,2
non-polar,2
vacancies,2
fishtail,2
compton,2
s+id,2
few-electron,2
sea,2
landau-ginzburg,2
errors,2
brushes,2
viscoelastic,2
fluid-solid,2
sources,2
zeroes,2
wavelets,2
nonexponential,2
boltzmann-like,2
ratios,2
property,2
energy:,2
"the,2
tiling,2
including,2
relative,2
ultrametricity,2
collisionless,2
n-chain,2
oxidation,2
fabrication,2
$_2$,2
reacting,2
roton,2
mode-coupling,2
spectroscopic,2
ferrimagnet,2
elastomers,2
gels,2
covalent,2
inclusions,2
extinction,2
updating,2
gauged,2
wilson,2
principal,2
independent,2
sonoluminescence,2
kramers,2
irradiation,2
narrow-band,2
cugeo$_3$,2
stabilizing,2
iron,2
electrodymanics,2
toroid,2
drums,2
resistively,2
multi-lane,2
yba2cu3o6,2
95,2
2x2,2
antidot,2
exhibiting,2
hole-doped,2
s-i-n,2
superfluidity,2
propagator,2
risks,2
solved,2
self-wiring,2
paper,2
invaded,2
tase4,2
2i,2
perfectly,2
liouville,2
high-density,2
island,2
self-organization,2
interplane,2
2-dimensional,2
conjugation,2
multi-orbital,2
neumann,2
black,2
directions,2
large-$q$,2
c-theorem,2
curie,2
subbands,2
crystallisation,2
vibrating,2
consistent,2
excess,2
model",2
value,2
constriction,2
superflow,2
wells:,2
star,2
bi2212,2
supercurrent,2
tilt-difference,2
composites:,2
percolative,2
phononic,2
current-voltage,2
links,2
nonzero,2
frame-independent,2
normal-metal/superconductor,2
hypothesis,2
uantum,2
evaporatively,2
cooled,2
maxwell,2
geo3,2
largest,2
vertically,2
half,2
la$_{0,2
standard,2
ginsparg-wilson,2
grassmann,2
hilbert,2
multifragmentation,2
stabilities,2
algorithm:,2
synthesis,2
multigrid,2
limit:,2
fermion-boson,2
breathers,2
connectivity,2
aeolian,2
soc,2
demixing,2
cubes,2
diffraction,2
vectorial,2
t=0,2
magnetic-field-dependent,2
magneto-acoustic,2
electrons:,2
yba2cu3o7,2
current-density,2
husimi,2
regions,2
large-spin,2
temperature-,2
trilayer,2
sums,2
estimate,2
contacts:,2
homeomorphic,2
surface-disordered,2
box:,2
lenz-ising-onsager,2
investigating,2
visco-elastic,2
poincaré,2
recurrences,2
helium-4,2
holon,2
analogy,2
mn12,2
anchoring,2
aln,2
auger,2
orbitally,2
monatomic,2
ag,2
faceting,2
distinct,2
terms,2
adatom,2
temperley-lieb,2
solidification,2
regular,2
triangular-lattice,2
liesegang,2
sub-poissonian,2
compounds:,2
uniaxially,2
stressed,2
feature,2
e^2,2
/h,2
frictional,2
virtual,2
bragg,2
inertial,2
polyethylene,2
positional,2
single-crystal,2
theory:,2
unusual,2
equation:,2
overlap,2
toward,2
bcs-like,2
bootstrap,2
involving,2
pseudospin-electron,2
polaronic,2
xx,2
preformed,2
transformations,2
incomplete,2
"symmetry,2
helicons,2
slowly,2
lagrangians,2
friedrich,2
peinke,2
beams,2
standing,2
maxwell-bloch,2
instead,2
stable,2
angle-resolved,2
gates,2
magnetoconductivity,2
qubits,2
laterally,2
bayesian,2
spin-liquid,2
four-wave,2
cylinder,2
systems",2
nitrides,2
having,2
both,2
re-entrant,2
neutrons,2
shapiro,2
transition?,2
iv:,2
droplet/scaling,2
definition,2
vortex-lattice,2
adding,2
debt:,2
correct,2
revisited:,2
rods,2
ne,2
farey,2
saturation,2
freely,2
elliptical,2
fault,2
cu-o,2
dominated,2
multi-species,2
sonoluminescing,2
interstitial,2
yba_2cu_3o_6,2
hcp,2
c$_{70}$,2
wavefunctions,2
pd,2
preroughening,2
polyacetylene,2
annihilation,2
schrodinger,2
investments,2
flat,2
report,2
mutations,2
bi_2sr_2cacu_2o_{8+δ},2
completely,2
optimum,2
spin-3/2,2
wave-function,2
indirect,2
boosting,2
validity,2
classification,2
riemannian,2
following,2
mgo,2
febr2,2
deviation,2
salts,2
griffiths,2
characterization,2
esr,2
pulsed,2
calculus,2
quasicrystal,2
image,2
sequences,2
noise:,2
nonextensivity,2
infinite-dimensional,2
mutation,2
liquid-vapor,2
qft,2
explicit,2
good,2
rotation,2
neel,2
two-magnon,2
optimally,2
longest,2
nearest-neighbor,2
four-spin,2
qualitative,2
orientations,2
kc60,2
rbc60,2
parking,2
lot,2
cayley,2
hartree,2
subgap,2
incommensurability,2
layer-by-layer,2
optimizing,2
atomistic,2
iii,2
bundle,2
interaction:,2
multicanonical,2
spacetime,2
observables,2
trees,2
ac-driven,2
pt-symmetric,2
magnetoplasmons,2
path-integral,2
host,2
mno,2
propagating,2
packing,2
noncompact,2
glassforming,2
works,2
shaped,2
cavities,2
jams,2
dzyaloshinskii-moriya,2
shock,2
geometrical,2
dendritic,2
field-oriented,2
piston,2
2h-nbse$_2$,2
d-,2
atomic-scale,2
3-d,2
thermodynamically,2
diffusional,2
oxides:,2
tests,2
tilt,2
mn,2
decorated,2
loss,2
cumn,2
vicinity,2
vibronic,2
micro-canonical,2
per,2
secondary,2
impedance,2
environments:,2
baths,2
variable-range,2
channel,2
atomic-size,2
relaxational,2
peculiarities,2
cumulants,2
coupler,2
delayed,2
whittaker,2
multi-photon,2
controlling,2
periodicity,2
grain-boundary,2
smectic,2
spots,2
over,2
$ν=2$,2
hp,2
supersolids,2
manipulation,2
disclination,2
ferromagnetic-superconducting,2
accumulation,2
monopoles,2
normal-superconducting,2
"evidence,2
glasses",2
inter-,2
non-universal,2
zn-doped,2
resistor,2
liv_{2}o_{4},2
quark,2
radiative,2
condensates:,2
la_{1,2
holomorphic,2
villain,2
broadband,2
propylene,2
interactions:,2
yba2cu4o8,2
mott-insulator,1
corelation,1
kopnin,1
baym-chandler,1
dc-ac,1
elusive,1
unfoldability:,1
fold,1
crambin,1
hydrophobicity,1
unique,1
laplacian,1
bi-directionnal,1
entering,1
state?,1
fixation,1
8-state,1
quasipartice,1
halides,1
a-b,1
random-anisotropy,1
4+n,1
strong:,1
divers,1
guises,1
all,1
thue-morse,1
period-doubling,1
pre-formed,1
yba_2cu3$o_{7-δ},1
domain-wall,1
sesquilayers,1
termination,1
non-trivial,1
ferromagnet/spin,1
resistive,1
$tl_2ba_2cuo_{6+x}$:,1
ornstein-zernike,1
garden,1
wavenumber,1
alpha,1
polymorphism,1
inverse-square,1
ca_{1-x}sr_xvo_3,1
multi-matrix,1
nonmonotonous,1
nodes,1
improving,1
superfluid-bose,1
bags,1
antiphase,1
ν=2,1
ca_1-xsr_xvo_3,1
curvilinear,1
coordinates,1
full-core,1
normalization,1
antisymmetric,1
diffuse-scattering,1
pt-v,1
driving-voltage-induced,1
``cold,1
spots'':,1
orbital-density-wave,1
``jellium,1
nanocohesion'',1
backbones,1
branching-annihilating,1
twin,1
s-s*-d-wave,1
cation-,1
vacancy-ordering,1
li_xcoo_2,1
d-dimensional,1
supersaturated,1
`dynamical,1
polarons',1
cvm-based,1
nonpotential,1
stabilisation,1
performed,1
dependences,1
hot-spot,1
cutoffs,1
braiding,1
intermittently,1
rivers,1
${3}$,1
${3^{*}},1
improvement,1
$ν={1/2}$,1
uphill,1
``coloring,1
triangulation'',1
unrestricted,1
amino,1
acids,1
native,1
j-aggregates,1
pinning-induced,1
spin-bottleneck,1
magnetic-tunnel-junction,1
clogging,1
filtration,1
kim's,1
nine,1
reinvestigation,1
constrained,1
boltzmann-gibbs,1
hypernetted,1
superfluorescence,1
paint,1
fusion,1
obervation,1
quasi-static,1
unscreened,1
sedimenting,1
$φ^4$-theory,1
$4-,1
observability,1
counterpropagating,1
fractional-quantum-hall,1
multiparametric,1
bipartite,1
ultrasoft,1
pseudopotential,1
invalidity,1
approximated,1
approach:,1
c=-2,1
cu-pd,1
thermionic,1
refrigerator,1
generator,1
quasi-free,1
qhe,1
plaquettes,1
alpha'--nav2o5,1
and/or,1
buckminsterfullerene,1
on-chain,1
salts:,1
optically,1
nu=1/3,1
structured,1
phase-,1
pattern-spaces,1
sandcastles,1
fall,1
accompanied,1
t-j',1
convergence,1
t-j-j'model,1
"invalidity,1
decisions,1
vitreous,1
moisture,1
multiprecision,1
inas/gaas,1
hubbard-model,1
microgels,1
bi2sr2cacu2o8,1
nearest,1
1/5-depleted,1
eigenmodes,1
diversified,1
investment,1
assets,1
off-site,1
repulsions,1
show,1
$d_{x^2-y^2}$,1
measured,1
millimeter,1
packet,1
remain,1
``point-contact,1
fluctuators,1
glasses'',1
magnetisation,1
ceru2,1
2h-nbse2,1
"anomalous,1
h2o-d2o:,1
entanglement",1
"boson,1
peak",1
babio$_3$,1
superconductor?,1
surfaces:,1
$β_1$,1
photorefractive,1
gunn,1
non-gibbsian,1
drift-diffusion,1
modulations,1
excitable,1
t-j-j',1
liquid-vapour,1
symmetrical,1
differ?,1
rare-earth,1
``spin,1
gap'',1
charge-fluctuation-induced,1
remains,1
successful,1
three-coordinate,1
loading,1
weakly-interacting,1
notion,1
zipf's,1
development:,1
microscopic-scale,1
modifications,1
supporting,1
economy:,1
``fat,1
tails'',1
online,1
drifting,1
gue,1
breit-wigner,1
d=oo,1
weighted,1
functionals,1
fe_2val,1
no-slip,1
honeycomb,1
event,1
horizons,1
ergoregions,1
inference,1
non-monotonic,1
solid-on-solid,1
strip:,1
$χ',1
corners,1
coevolution,1
multispecies,1
interstellar,1
galaxy,1
distributions:,1
yang,1
lee,1
feynman,1
$rp^2$,1
breaks,1
big,1
pieces?,1
`chiral,1
anomaly',1
alternatives,1
fossils,1
hopf,1
n-point,1
hölder,1
regularity,1
nucleon-nucleon,1
quartic,1
combinatorics,1
wreath,1
products,1
vladimir,1
gribov,1
bh,1
spike,1
nanopore,1
superclean,1
genuine,1
hypermagnetic,1
coexistent,1
generalize,1
scales:,1
proportions,1
markovian,1
pancake-vortex,1
sqr3-adsorbates,1
periphery,1
k$_3$c$_{60}$,1
nucleation;,1
mgv$_2$o$_5$,1
plateaux,1
n-leg,1
sticking,1
circulation,1
magnetohydrodynamics,1
nickelates,1
a-antimony,1
selenide,1
spin-fluctuation,1
temperature-frequency,1
niobium-silicon,1
defect-induced,1
srtio$_{3}$,1
bicrystals,1
out-of-equilibrium,1
$ε$,1
expansion:,1
kpz-equation,1
high-dimensional,1
polaron-gas,1
jahn,1
teller,1
graded-response,1
creep:,1
spectrum-generating,1
pseudogaps:,1
on-site,1
f-electron,1
writhe,1
solitonic,1
3he-a:,1
manchester,1
helsinki,1
two-parameter,1
througha,1
release,1
vesicle,1
wire:,1
even-membered,1
pseudo-critical,1
continous,1
cross-section,1
t-matrix,1
antidots,1
swendsen-wang,1
h2o-d2o,1
quantum-transport,1
charge-transfer,1
turbulence?,1
he-3/he-4,1
further,1
subject,1
tempi,1
di,1
behaviors,1
field-effect,1
fractionalization,1
``string'',1
donnan,1
osmotic,1
debye-hueckel-bjerrum,1
topographic,1
torsions:,1
c70,1
plaquettes:,1
spacer,1
sr$_2$ruo$_4$,1
attract?,1
manning,1
"superluminal",1
brief,1
$s=1/2$,1
chain-boundary,1
$s=1$,1
polya,1
urns,1
ward-takahashi,1
cluster-perturbative,1
4/3-law,1
pipe,1
q-symmetric,1
adaptability,1
self-organizing,1
geodesics,1
parallels,1
time-ramped,1
interladder,1
billiards:,1
g<<1,1
s=2,1
voronoi,1
tessellations,1
intermittent,1
liquid--solid,1
similarities,1
kappa-,1
2x,1
particle-hole,1
magneto-shear,1
four-state,1
clock,1
affine,1
extensions,1
srtio3,1
pzt,1
edwards,1
overdamped,1
4d,1
biologically,1
relevant,1
he-4,1
heating,1
ymn$_2$,1
--mn,1
study--,1
t-t'-hubbard,1
peak-flat,1
trough,1
speculation,1
slanted,1
density-induced,1
effect-i,1
end-to-end,1
staircase,1
clausius-duhem,1
dc-driven,1
followed,1
3d-2d,1
yba_2cu_3o_7/prba_2cu_3o_7,1
dynaimcs,1
lipids,1
positronium,1
charged-biexciton,1
t-dependence,1
linear?,1
throughout,1
four-spinon,1
multi-anyons,1
multi-layer,1
molecules:,1
pentadecane,1
all-trans,1
conformation,1
mosaic,1
non-unitary,1
grand-canonical,1
low-symmetrical,1
metglasses,1
multiquantum,1
weiss,1
microscopy:,1
drying,1
substrate,1
details,1
invariance:,1
julia,1
set,1
u:,1
quasi-,1
criticality:,1
quasigeostrophic,1
fermi-pasta-ulam,1
chaos?,1
lenses,1
spacetimes,1
relativity:,1
checks,1
flavour,1
cosmos,1
lab,1
kadanoff-baym,1
trivial,1
yang-mills,1
meson,1
puzzle,1
orderly,1
li_4,1
li_5^+,1
n-alkanes:,1
stochasticity,1
ultraintense,1
szilard's,1
engine,1
erasure,1
modification,1
nonideal,1
schroedinger's,1
monotone,1
metrics,1
densities-of-states,1
purposes,1
microtubules:,1
wild,1
imagination,1
possibility?,1
raising-lowering,1
sutherland,1
korteweg-de,1
vries,1
burgers-huxley,1
maximal,1
twisting,1
elasticity:,1
marko-siggia,1
superconductor-metal,1
open-chain,1
fesi,1
critiical,1
threedimensional,1
porosity,1
single-mode,1
microwave-activated,1
interferometer,1
q-calculus,1
multispin-coupling,1
holographic,1
la_{1-delta}mno_{3},1
routing,1
electromigration:,1
kinetics:,1
narrowing,1
epr,1
linewidth,1
ce,1
p-symmetries,1
resistively-coupled,1
liquid-liquid,1
homogeneously,1
heated,1
non-half-filled,1
approached,1
forbidden,1
occupancy,1
uranium,1
non-mean-field,1
spin-exchange,1
always,1
spreads,1
gd-ba-cu-o,1
gutenberg,1
richter,1
faults,1
suspension,1
levitation,1
supervised,1
néel,1
idxy,1
dx2-y2,1
magneto-coulomb,1
polyene,1
contraction,1
fermi-surface-related,1
discrete-lattice,1
square-root,1
c5h12n2,1
disorder-enhanced,1
unsupported,1
lattice-boltzmann,1
laughlin-jastrow-correlated,1
micron,1
microfabricated,1
effects:,1
connections,1
reconfiguration,1
spherically,1
solvent:,1
nis$_{1-x}$se$_x$,1
bucket,1
redux,1
metal-superconductor,1
strucutres,1
micromagnetics,1
isostatic,1
finite-length,1
pseudo,1
stagger,1
sum-rule,1
$t-t'$,1
superradiating,1
1-d:,1
nfl-fixed,1
coqblin-schrieffer,1
multi-level,1
luttinger's,1
pockets?,1
multiscaling,1
substituted,1
$c$-function,1
binder's,1
ratio:,1
implication,1
injection,1
dimerized-antiferromagnetic,1
uniform-antiferromagnetic,1
impurity-doped,1
fungal,1
1+1,1
electromigration,1
finitely,1
shear-induced,1
asymptotically,1
favoring,1
map:,1
froths,1
mac,1
lane,1
tangential,1
advection:,1
dla,1
time-to-failure,1
varying,1
kelvin,1
comparing,1
monovalent,1
salt,1
drived,1
observational,1
kinematical,1
a_l,1
e_6,1
e_7,1
e_8,1
zn_{1-x}mn_xse/znse,1
radii,1
speeds,1
special,1
sectors,1
"peierls,1
threated,1
flux",1
calculated,1
quasiespecies,1
reflecting,1
semi-ideal,1
friction:,1
grid,1
blume-emery-griffiths,1
smecticlike,1
closing,1
lapw,1
lmto,1
full-potential,1
expressions,1
local-field,1
k_{xc},1
elimination,1
unoccupied,1
summations,1
supercells,1
1/d,1
>=,1
magnitude,1
magneto-tunnelling,1
erratically,1
semiempirical,1
f,1
li,1
ktao3,1
bounday,1
histograms,1
risk-return,1
options,1
trading,1
costs,1
parisi-symmetry,1
top,1
exhibit,1
rayleigh,1
ultrasonics,1
half--filled,1
lamellar-disorder,1
sio2,1
equal,1
dihydrate,1
factorized,1
steric,1
electrolytes:,1
micelles:,1
spheres?,1
roughness-induced,1
surfactant-polymer,1
energy-spectrum,1
self-similarity,1
log-periodicity,1
stresses,1
cohesionless,1
poured,1
feed-forward,1
addendum,1
paper:,1
$φ^4$-theories,1
[phys,1
rev,1
57,1
2264,1
1998,1
],1
primitive,1
-induced,1
$d_{x^2-y^2}$-wave,1
2h-nbse_2,1
multi-exciton,1
assembled,1
n-pole,1
vo2,1
spectroscopies,1
neuron-like,1
non-symmetric,1
dual-space,1
rn,1
basins,1
polishing,1
spin-$\frac,1
2$,1
viscoplasticity,1
yba_2cu_3o_{7-delta}:,1
purity,1
thermodynamical,1
fingerprints,1
motors,1
clouds:,1
``negative'',1
integration:,1
potentials:,1
leptodermous,1
hg-1201,1
many-fermion,1
hole-pairs,1
williams-bjerknes,1
outliers,1
two-phonon,1
fluid/fluid,1
non-ionic,1
boltzmanions,1
lie-hopf,1
deconfinement,1
inter-colloidal,1
four-particle,1
intermetallic,1
fe2val,1
covalently-bonded,1
unbalanced,1
pr_{1+x}ba_{2-x}cu_3o_7,1
sudden,1
$π-$shifted,1
superconducting-normal-heterostructures,1
berry-robnik,1
mutation-sensitive,1
basin-hopping,1
localised,1
hedgehogs,1
influences,1
echo,1
he-3/--he-4,1
polygons,1
few--channel,1
wigner-jordan-like,1
backscattering,1
umklapp-processes,1
auto-catalytic,1
lead,1
generically,1
wealth,1
clustered,1
craches,1
non-arrhenius,1
interferometers,1
polariton,1
anisotropy-induced,1
ε-expansion,1
employing,1
wannier-type,1
quantum-chemical,1
insulators:,1
li2o,1
na2o,1
nanostructures:,1
spin-flips,1
recurrent,1
\sqrtε-expansions,1
-field,1
n-colored,1
parameterization,1
developments,1
node-counting,1
joint,1
innocent,1
partners,1
&,1
produces,1
weyl,1
formula:,1
add,1
them?,1
kolmogorov's,1
mhd,1
kicked,1
gauge-invariant,1
cft,1
d>2,1
self--gravitating,1
kramers-wannier,1
continued,1
tba,1
root,1
unity,1
deficiency,1
conjugation:,1
reshaping,1
involvement,1
biology,1
pointlike,1
stochastically,1
environment:,1
energy-level,1
band--matrices,1
decoherence:,1
lasing,1
periodically,1
motion-induced,1
deforming,1
mirror,1
linearity,1
gutzwiller,1
homoepitaxy,1
zig-zag,1
non-orthogonal,1
one-body,1
greens,1
phase:,1
bond-,1
atomic/molecular,1
bec-systems,1
window,1
overlaps,1
probes,1
lamellae,1
periodic-on-average,1
closure,1
dipole-dipole,1
quasi-2d,1
cut,1
bisection,1
heuristics,1
remote,1
3d-xy,1
expansivity,1
detwinned,1
integrabilities,1
rayleigh-benard,1
convective,1
rolls,1
fe-s,1
ecosystems,1
nanosized,1
srruo_3,1
bloch-wall,1
finance?,1
certain,1
charged-exciton,1
piezoelectric,1
skymrion,1
integer-doped,1
hgba_{2}ca_{2}cu_{3}o_{8+δ},1
lozenge,1
tilings,1
"aging,1
glass",1
eilenberger,1
riccati,1
long-range-interactions,1
deposition,1
inclined,1
topography,1
slope:,1
tilted,1
anderson-fano,1
shake-up,1
next-nearest,1
fourfold,1
cu-oxide,1
2d-crystals,1
marginally,1
perturbed,1
j_1--j_2,1
provide,1
field-theory,1
``dynamical,1
liquid'',1
rotator,1
oscillators:,1
iv,1
tails,1
reactions:,1
peierls-active,1
cylinder:,1
nonextensive,1
swollen-collapsed,1
hetero-polymers,1
organizations,1
environmental,1
co-extinction,1
fossil,1
record,1
muessel,1
rieger,1
``aging,1
glass'',1
pinning:,1
magic,1
squares,1
tempering,1
predictable?,1
our,1
old,1
shrinking,1
percolation?,1
semischematic,1
atom-surface,1
zhang,1
$yba_2cu_4o_8$,1
reservoir,1
landauer,1
arithmetic,1
flight,1
arch,1
garch,1
induced-moment,1
itinerant-localized,1
uru${}_{2}$si$_{2}$,1
mccoy-wu,1
n-flavour,1
spin-landau,1
units,1
-5,1
rutile:,1
electron-correlation,1
low--temperature,1
mesoscopy,1
site-disordered,1
multifractals,1
passage,1
stages,1
island-edge,1
untwinned,1
`sign-time',1
ndcecuo,1
bicrystal,1
popular,1
your,1
paper?,1
citation,1
third-generation,1
7ca0,1
aerogel,1
bean-livingston,1
twisted,1
b-dna,1
fragment,1
reference,1
wormlike,1
flocks,1
herds,1
schools:,1
hop-over,1
site:,1
tagged,1
electron-photon,1
conical,1
hubbard-antiferromagnets,1
t^*,1
δ,1
developed,1
fabricating,1
nb-based,1
image-potential,1
design:,1
tractable,1
la_2cu_{1-x}li_xo_4:,1
^{139}la,1
fe/ir,1
weak-,1
calogero-marchioro-wolfes,1
t--j,1
rungs,1
xxx,1
tunable,1
canted,1
swollen,1
clays,1
nanocrystals",1
strong-segregation,1
bicontinuous,1
stripe-ordered,1
5/3,1
sr_,1
nio_4,1
vacancy,1
complicated,1
bxcynz,1
manufacturability,1
assessment,1
marshall's,1
condensate:,1
superposition,1
macroscopically,1
intermolecular,1
pressure-polymerized,1
cooperativity,1
s>=1,1
relaxor,1
energy-loss,1
straggling,1
protons,1
antiprotons,1
ca_{1-x}y_xmno_3,1
h-theorems,1
franz-keldysh,1
monomer-monomer,1
reaction-controlled,1
high-pressure,1
gapo4,1
eigenfunction,1
"energy,1
media",1
sub-monolayers,1
matter:,1
kapitza,1
'2d,1
atoms',1
'4d',1
bottle,1
shuttle,1
7-y}pr_{y}ca_{0,1
n-s-proximity,1
connectivity-dependent,1
sytems,1
h_{c2},1
hubbard-stratonovich,1
rb2mnf4,1
lowest-landau-level,1
fermi-liquid-like,1
prudent,1
investors,1
stripes:,1
charge-,1
temperature-driven,1
itinerant-electron,1
six,1
string:,1
iordanskii,1
coleman-weinberg,1
irreversibilities,1
n-cdmnte,1
zones,1
charged-particle,1
v_2o_3,1
ultrametric,1
"percolation,1
stick,1
system",1
ergodicity,1
doping:band,1
nominally,1
pancake,1
regularization,1
diversity,1
communities:,1
insights,1
specialization,1
diversification,1
semiclassics,1
linked,1
expansions:,1
point-link-point-interactions,1
calogero-sutherland-type,1
non-existence,1
multi-deformed,1
discs,1
extrinsic,1
bosonized,1
n-flavor,1
n+1,1
biorthogonal,1
$u_q[gl,1
n/m,1
bicrossproduct,1
${\cal,1
u}_λ,1
iso_{ω_2,1
ω_n},1
hanbury,1
brown--twiss,1
interferometry:,1
stars,1
mixer,1
auditory,1
brain,1
biomolecules,1
noiseless,1
limitations,1
absorptive,1
photon-energy,1
"virtual",1
photo-excitation,1
quench:,1
wake,1
rapid,1
knizhnik-zamolodchikov-bernard,1
eight-vertex,1
travelling,1
compacton,1
reverse,1
advantages,1
t-j-w,1
quasicrystalline,1
stabilised,1
photocurrent,1
photodetectors,1
higher-dimensional,1
spectroscopy:,1
au/si,1
kondo-type,1
immersed,1
lamno_3,1
born,1
band-by-band,1
charges:,1
abo3,1
gainas,1
grown,1
strain-induced,1
gl_{pq},1
anti-ferromagnetic,1
highway,1
originally:,1
asymetrically,1
version,1
"five-loop,1
minimally,1
dimensions",1
affect,1
ability,1
ligand,1
inhibition,1
wave-packet,1
restrictions,1
pearling,1
finite-$t$,1
strain-dependent,1
mismatched,1
dewetting,1
single-electron-parametron-based,1
landau-lifshitz-bloch,1
thermoactivation,1
mn_12ac,1
first-,1
linking,1
underlying,1
dichroism,1
earth-cobalt,1
investigated,1
multiple-scattering,1
volume-collapse,1
pseudo-,1
gaps:,1
additional,1
magnetoelastic,1
cu_{1-x}zn_xgeo_3,1
sector,1
zn_{1-x}mn_xte/znte,1
quantum-well,1
softening,1
borel,1
εexpansions,1
magneto-optical,1
amorphous-crystal,1
silicon:,1
rf-studies,1
magnetic-,1
nonmagnetic-impurity,1
puzzles,1
resolutions,1
highways,1
inter-electron,1
$_c$,1
squid:,1
random-field-driven,1
crosslinks,1
confinement:,1
apparent,1
revisiting,1
black-scholes,1
orderings,1
superflow-stabilized,1
ohta-jasnow-kawasaki,1
la2nio4,1
17:,1
according,1
corrections:,1
site-percolation,1
electrochemistry,1
tl_2mn_2o_7,1
overscreening,1
retrieval,1
sequential,1
validation,1
refined,1
move--class,1
deflation,1
slope,1
equations:,1
nn,1
nnn,1
e-b,1
t-violating,1
next-nearest-neighbour,1
rearranging,1
fragmented,1
attitude,1
locality,1
boundary:,1
double-time,1
interrelation,1
boulevard,1
$cav_4o_9$,1
$d^-$,1
two--parametric,1
"t-dependence,1
aharonov-anandan,1
$la_2nio_4$,1
size-dependent,1
faraday,1
contracted,1
"random,1
environments",1
corrugation-induced,1
wetting:,1
wiring,1
olami-feder-christensen,1
slip-stick,1
irreducible,1
diperiodic,1
magnon-vortex,1
advection-diffusion,1
almost,1
lambda-,1
bets,1
_2gax_zy_{4-z},1
theta-,1
_2rbzn,1
exponentials,1
avalanching,1
single-site,1
chern--simons,1
cubic-invariant,1
$n$-component,1
phase-separating,1
exceeding,1
160,1
fet,1
help,1
inhibit,1
non-quantizing,1
depend,1
dynamics?,1
sticky,1
order-out-of-disorder,1
kugel-khomskii,1
object,1
cancellation,1
k$_{1-x}$li$_x$ta0$_3$:,1
partitions,1
exponents:,1
movement,1
ionization,1
rydberg,1
diagnostic,1
ultrasound:,1
ellipsometry,1
convergent,1
trends,1
closer,1
tlnt,1
being,1
fisher-exponent,1
non-abelions,1
prba2cu3o7-d:,1
multi-soliton,1
-wave,1
bardeen-cooper-schrieffer,1
cooper-type,1
shekhtman-entin-wohlman-aharony,1
ba2cuge2o7,1
c2h12n2,1
microstrip,1
resonator,1
jacobi-trudi,1
$e_8$,1
characters,1
$\hat{sl,1
}_{k=1}$,1
space-time,1
sity,1
polymerization,1
inorganic,1
alpha'-na_{1-delta}v_2o_5,1
experimentally,1
observable,1
superconductors?,1
interrelations,1
non-equipartition,1
soliton-lattice,1
confirmation,1
multiresolution,1
structure:,1
semicardinal,1
applying,1
net,1
spin-anisotropic,1
car-parrinello,1
la2,1
3-xyxca0,1
7mn2o7,1
x=0,1
beginners,1
refermionization,1
experts,1
transversely,1
high-t$_c$,1
li$_2$cuo$_2$,1
functions:,1
gallium,1
arsenide,1
driven-diffusive,1
johnson-segalman,1
magnetization-reversal,1
absorbing-state,1
multiprobe,1
inside,1
superconductive,1
reentrance,1
normal-metal/superconducting,1
"temperature,1
raman-active,1
a_{1g},1
yni_2b_2c",1
t-violation,1
signals,1
originating,1
spiky,1
levinson's,1
capacitance-matrix,1
management,1
16o,1
-18o,1
zero-energy,1
frenkel,1
exciton:,1
wire",1
"on,1
$t_s$-anomaly,1
dihydrate",1
penrose,1
inter-condensate,1
occurence,1
$30^\circ$,1
electrostriction,1
`microscopic',1
edge-driven,1
blends:,1
p,1
piezophase,1
mechanically,1
loaded,1
nano-plough,1
nanolithography,1
non-contact,1
afm,1
suitable,1
bose-einstein-condensed,1
$κ$-,1
$_2$cu,1
ncs,1
searches,1
first-principle,1
order-disorder,1
path-related,1
quantities,1
infinite-component,1
electrorheological,1
resonators:,1
seebeck,1
means,1
subdiffusive,1
${^4}$he,1
pasty,1
describe,1
vopo,1
filled,1
enhancers,1
bi2sr2cacu2o8+x,1
mesas,1
harmonically,1
spin-liquids,1
boltzmann-fokker-planck,1
wang's,1
tensor,1
snd,1
crucial,1
rôle,1
impossible,1
scenaria,1
glass-glass,1
chainlike,1
asperities,1
velocities,1
smectic-c,1
sdw,1
ecological,1
asynchronous,1
electroweak,1
ranlux,1
generator:,1
``perfect'',1
actions:,1
sc,1
phi^4-theory,1
defects-antidefects,1
non-compact,1
dilogarithmic,1
tetrahedron,1
coset,1
theories:,1
guide,1
association,1
formulations,1
nutshell,1
sonoluminescence:,1
bogolubov,1
schwinger's,1
proposal,1
two-barrier,1
multiplicity,1
a_m,1
energy-diffusion,1
sinks,1
nucleation:,1
polarizability,1
magical,1
-superconducting,1
state-,1
cond-mat/9806011,1
comprehensive,1
na_n,1
950,1
12050,1
spinodal-assisted,1
gas-kinetic,1
navier-stokes-like,1
location,1
inter-granular,1
cohesion,1
af-heisenberg,1
thermomagnetic,1
scalar-relativistic,1
douglas-kroll,1
transformed,1
dirac-coulomb,1
centrifugal,1
crescent,1
focusing,1
developable,1
cone,1
queuing,1
orbifold,1
spatially-resolved,1
composition,1
reevaluating,1
strengths:,1
indium,1
many-body-theory,1
radial,1
generators:,1
schwinger-dyson,1
compensation,1
prefactor,1
cages,1
hyper-sparsity,1
covering,1
hofstadter's,1
butterfly,1
load-transfer,1
pb/cu,1
microdot,1
effort,1
respect,1
smoothening,1
mutual,1
small-grain,1
microscopy/spectroscopy,1
``$t$-dependence,1
finite-sized,1
femtosecond,1
stell-hemmer,1
core-softened,1
tap-equations,1
jack,1
prescribed,1
walker,1
animal,1
restoration,1
nonreliability,1
uncertainty,1
ε-expansion:,1
φ^4,1
local-spin-density,1
jellium,1
modeled,1
roles,1
brain:,1
spl,1
generating,1
parquet,1
gratings,1
emit,1
nonergodicity,1
``bound,1
model'',1
engines,1
3-12,1
intersecting,1
electrodynamical,1
quasi-efficient,1
distance,1
angular-dependent,1
r-operator,1
lattice:q<2,1
in-plane-gate,1
showing,1
crowds,1
multilattice,1
y_2ba_4cu_7o_{15},1
truncation,1
saddle,1
induction,1
d-electron,1
strontium,1
nonanalytic,1
peculiar,1
coarse,1
grained,1
nanosphere,1
high-power,1
microlasers,1
derivative,1
one-loop,1
electrolytic,1
suspended,1
closed-shell,1
chlorides,1
node,1
anharmonicity,1
reduce,1
electrons?,1
depends!,1
reactive,1
quantizing,1
lih,1
trans-polyacetylene,1
liquids:heterogeneity,1
fermionization,1
one-electron,1
bi-defects,1
subharmonic,1
alpha-helical,1
localisation--delocalisation,1
coherence-length,1
"bound,1
flavour:,1
inspired,1
penetrable,1
half-integer,1
crni6:,1
musr,1
comments,1
"t,1
spin-filter,1
europium,1
chalcogenides:,1
magnetic-field-tuned,1
in-o,1
low-spin,1
fes,1
evidenced,1
prba2cu3o7,1
renormalization--group,1
yukawa,1
intersubband,1
interaction-dependent,1
spin-charge,1
sr2cuo3,1
$nav_2o_5$,1
one-exciton,1
space-restricted,1
four-,1
terminal,1
doublet,1
fano-related,1
isotopically,1
enriched,1
neutron-transmutation-doped,1
^{70},1
ge:ga,1
1-dimensional,1
tight,1
dilation:,1
``ripple'',1
liquid-like,1
revealed,1
la{1-x}ca{x}mno3,1
90-degree,1
vertex-corrected,1
non-constant,1
frenkel's,1
represented,1
vacancy-mediated,1
semiconductor-coupled,1
electrode,1
separations,1
growth---comparison,1
nernst,1
quasi-two,1
energetic,1
deposition:,1
picoseconds,1
seconds,1
den,1
hartog,1
wees,1
"conductance,1
samples",1
-spin,1
auxiliary,1
transparent,1
ignored,1
galilean,1
onsager,1
makes,1
phenomena?,1
perm:,1
things,1
landauer's,1
blowtorch,1
electron-spin-resonance,1
flow-equation,1
flow-equations,1
hybridized,1
adsorption:,1
repelling,1
reveal,1
fqh,1
liquids?,1
josephson-type,1
"density,1
condensation",1
physica,1
226,1
1996,1
117-136,1
density-wave,1
peierls-hubbard,1
combination,1
ferrimagnets,1
genus,1
corundum,1
ultraviolat,1
gain,1
conjugate,1
polyions,1
voting,1
responses,1
one-,1
two-hole,1
three-leg,1
lsco,1
endpoint,1
wandering,1
123,1
gan/al,1
cro2,1
cost,1
85}$sr$_{0,1
15}$mno$_3$,1
6-coordinated,1
boron:,1
resonances:,1
diodes,1
superconducting-superfluid,1
actions,1
xu_s,1
bubble-nucleation,1
lie,1
many-matrix,1
spinors,1
electrically,1
plasmas,1
nai,1
_nna+,1
csi,1
_ncs+,1
orthogonality,1
hopgrid,1
summation:,1
batchelor,1
amplified,1
gap-anisotropic,1
narrow-gap,1
instability:,1
jacobs,1
thorpe,1
conformation:,1
fo,1
pair-correlations,1
al-grains,1
branly's,1
coheror,1
tagged-particle,1
time-resolved,1
sheared,1
single-peak,1
distributed,1
u-t-t',1
lifshitz,1
bc,1
techniques:,1
bi_2sr_2cacu_2o_8,1
field-dependent,1
zero-bias,1
oxide-n-inas,1
non-crossing,1
semiconductor-superconductor,1
andreev-bound,1
d_{x^2-y^2},1
mri-model,1
sputter,1
profiling,1
``phase,1
split,1
condensate'',1
"cold,1
spots",1
bosons:,1
grand,1
hydrides,1
switchable,1
superfluid:,1
hedging,1
risk,1
6,1
balseiro-falicov,1
metal-semiconductor,1
colossal-magnetoresistance,1
horizontally,1
shaken,1
pipes,1
floppy,1
srcu_2,1
bo_3,1
bridge,1
multisite,1
hydrophilic,1
hydrophobic,1
7sr0,1
3mno3:,1
colonial,1
chemotactic,1
animals,1
long-time,1
de,1
gennes',1
"possible,1
gas",1
bias-dependence,1
magnetoelectric,1
routines,1
p3m,1
attractor,1
storing,1
representations:,1
hippocampal,1
place,1
orthoterphenyl:,1
schematic,1
fluctuator,1
families,1
$j,1
\prod,1
i$,1
niobium,1
replicas,1
treated,1
cooperation,1
shards,1
thin-film,1
manganate,1
nanometer,1
trellis,1
srcu$_2$o$_3$,1
cav$_2$o$_5$,1
reflected,1
magnitoelastic,1
two-dimesional,1
ferromagnetics,1
inequivalent,1
y2ba4cu7o15,1
theta-point,1
exciton-exciton,1
pi,1
two-impurity,1
cu2o,1
four-sublattice,1
charge-stripe,1
octahedral,1
tilts:,1
30,1
levy-flight,1
percolating,1
gained,1
anti-dot,1
reexamination,1
quenches,1
xx--model,1
indications,1
``flux'',1
holes:,1
many-spin,1
transitions:,1
ns,1
promotion,1
sputtering,1
varied,1
chemically,1
`experimental,1
bipolaronic,1
impossibility',1
vo,1
_2p_2o_7,1
staggered-spin,1
spin-lattice,1
n-component,1
semi-insulating,1
character,1
dna-protein,1
multielectron,1
missing-row,1
ir,1
organizing,1
hematite,1
alpha-fe_2,1
o_3,1
third-order,1
non-stationary,1
selective,1
ruo_3,1
fluxlines,1
continuous-random-network,1
cr,1
cap,1
solvation,1
methylene,1
sub-,1
supercritical,1
water:,1
holography,1
superstructure:,1
sic,1
3x3,1
transitional,1
haff's,1
kagom{é},1
stripped,1
basics,1
differences,1
updates,1
hair,1
long--range,1
mixed-valence,1
figure,1
merit,1
skyrme,1
multi-self-overlap,1
htsc,1
mis-,1
handling,1
overall,1
totally,1
process:,1
meta-plaquette,1
cav$_4$o$_9$,1
matalon-packter,1
super-poissonian,1
magnetorestistance,1
non-planar,1
insulator-metal,1
mn12ac,1
delta-function,1
π,1
microscopical,1
spin-excitation,1
boltzmannians,1
bimerons,1
"robustness,1
separation",1
``0,1
7'',1
separated,1
w-ga,1
way,1
skeleton,1
kramers-like,1
stepped,1
nanocontacts,1
partition:,1
acousitc,1
nanocrystals,1
negligible,1
la_{2}cuo_{4,1
δ},1
non-invasive,1
detector,1
bunimovich,1
stadium,1
three-component,1
catastrophe,1
mixed-valent,1
ube_13,1
earthquakes:,1
alteration,1
rupture,1
tmttf,1
_2br,1
_2pf_6,1
alpha-,1
_2mhg,1
one-channel,1
ba_{1-x}k_xbio_3:,1
zeno,1
finger,1
thinning,1
hele-shaw,1
kohn,1
multi-connected,1
$n-gaas$,1
diagnose,1
photoelectric,1
capture,1
centres,1
break,1
down,1
chemisorption,1
lanio$_{3-δ}$,1
magnetic-field-driven,1
ino,1
hysteresis:,1
schottky,1
$nd_{2-y}ce_{y}cuo_{4}$,1
quasielectron,1
nanospin,1
vorticity,1
connecting,1
ferrimagnet:,1
nicu,1
pba,1
d_2o,1
_3,1
2d_2o,1
tl+,1
nai:tl+,1
csi:tl+,1
scintillators,1
kondo-resonance,1
voter,1
skipping,1
large-diameter,1
inas/gasb,1
fate,1
yang-lee,1
electron-doped,1
disintegration,1
nonergodic,1
divided,1
vibrations,1
accidental,1
enlarged,1
upt<sub>3</sub>,1
superconductor/normal-metal,1
invasion,1
spin-boson,1
landau-zener,1
feedback,1
2d:,1
capable,1
describing,1
pairs?,1
drum:,1
fractionality,1
jordan-wigner,1
bi2sr2cacu2o8+d,1
lloyd,1
life,1
death,1
windy,1
oasis,1
"honeycomb,1
chain-channel",1
3x1,1
eigen's,1
mutational,1
meltdown,1
quasispecies,1
fringe,1
mechanochemistry:,1
temperature",1
pulse-coupled,1
antiferromagnet:,1
uni4b,1
regime:,1
landau-level,1
right,1
edge?,1
acetate:,1
hyperfine,1
$1d$,1
poly-atomic,1
3e,1
normal-to-superconducting,1
peak-spacing,1
universe:,1
collisional,1
overlapping,1
$q$-state,1
k=0,1
renormalisation-group,1
$2,1
quarks,1
two-color,1
fluxes,1
moduli,1
spaces,1
fuss-catalan,1
cp,1
"linear",1
on-shell,1
t-matrices,1
$δ$-pinning,1
super,1
lossless,1
tapers,1
free-space,1
modes:,1
through-flowing,1
lasers,1
face-centered,1
"water,1
buckyballs",1
catalytic,1
observer:,1
averaged,1
white-noise,1
bounded,1
pdf's,1
semiline,1
quench-induced,1
smectic-a,1
7,1
sinh-gordon,1
interparticle,1
lowering,1
'symmetry,1
temperature'",1
na,1
ultra-violet,1
1/2:,1
slidding,1
formfactors,1
bifractality,1
macromolecules,1
lattice-dynamical,1
non-monotone,1
gauss,1
cousin,1
conway's,1
acoustoconductance,1
spin-only,1
non-self-similar,1
lsw,1
escape-rate,1
spheroidal,1
priori,1
information:,1
channeled,1
logical,1
reasoning,1
table,1
1/3-shot,1
photoconductors,1
bond-operator,1
67}ca_{0,1
33}mno_3,1
groundstate,1
bcs-bose,1
einstein,1
$d_{x^{2}-y^{2}}$,1
h-theorem,1
submonolayer,1
pseudoternary,1
ruthenates,1
search,1
chevrel,1
trellis-lattice,1
dopant-bound,1
cu_,1
zn_xgeo_3,1
commensurability,1
thomas-fermi-dirac-von,1
weizsacker,1
magneto-plasma,1
prepeak,1
former,1
mno3,1
ghost,1
bond-deformation,1
morse,1
ferromagnets:,1
quasi-two-dimensional,1
cuo2-chain,1
sr14cu24o41,1
hannay,1
angle:,1
deposited,1
intergranular,1
yba2cu3-xfexoy,1
0<x<0,1
01,1
ceramics,1
bose-enstein,1
anderson's,1
associative,1
scattered,1
preasymptotic,1
decompostion,1
lda++,1
backbone,1
outside,1
dependenceof,1
macroscopic-polarization,1
built-in,1
multi-quantum-wells,1
displacement,1
suppressed,1
bi$_2$sr$_2$cacu$_2$o$_{8+x}$,1
{\it,1
c}-axis,1
ways:,1
yet,1
insulator-metal-insulator,1
temperature":,1
'reply,1
comment',1
dmc,1
refraction,1
stopping,1
lithium,1
non-appearance,1
hebb,1
gel,1
electrophoresis,1
uniformly,1
intragranular,1
y-,1
bi-based,1
finite-difference,1
incorporating,1
non-conservative,1
tuned,1
particulate,1
disorder-interaction,1
vo$_{2}$:,1
peierls-mott-hubbard,1
curvatures,1
granules,1
floating,1
delocalized,1
causal,1
paddling,1
occam's,1
pool,1
shallowness,1
virtue,1
exciting,1
ergodic,1
non-integrable,1
minimization,1
continuous-time,1
stimulated,1
microcavity,1
spin-splitting,1
alas,1
calcium-doped,1
nanocracks,1
fluoride,1
two--chain,1
defaultable,1
frustration:,1
solidity,1
glauber,1
kawasaki,1
extraordinary,1
kp-hamiltonian,1
envelope,1
a3b5-heterostructures,1
worms,1
thickness-magnetic,1
ultrasonic,1
attenuation,1
$ac$,1
metal-dielectric,1
valve,1
ce$_x$la$_{1-x}$b$_6$:,1
upt_{3}:,1
kondo-hubbard,1
spin-density-functional,1
nonlinearities,1
truth,1
nearly-1d,1
fractal:,1
basics:,1
historical,1
grain:,1
molecular-beam,1
nanomaterials,1
coarser,1
tubular,1
refinement,1
nbse$_2$,1
incommensuration,1
jastrow-luttinger,1
collinear,1
néel-type,1
crn,1
he,1
bundles,1
mixed-state,1
95:,1
monoclinic,1
phase?",1
dipole--type,1
reorientations,1
morphology,1
fe/ag,1
xy-chains:,1
microstructure,1
interdealer,1
broker,1
pdes:,1
magnification,1
toom,1
unobservable?,1
n-type,1
he3-a:,1
l-texture,1
coadsorption,1
ru,1
poisoning,1
sulfur,1
restitution,1
implied,1
parent-bilinear,1
sea-boson,1
double-funnel,1
38-atom,1
terrace-ledge-kink,1
heterovalent,1
a-atom,1
b'b'',1
o3,1
non-chiral,1
photogeneration,1
gaas-algaas,1
more,1
than,1
"high-temperature,1
ferromagnet",1
populations,1
sex-linked,1
inheritance,1
spd-hamiltonians,1
$_{14}$cu$_{24}$o$_{41}$,1
ferromagnet/unconventional,1
50,1
%,1
pr{1/2}sr{1/2}mno3,1
nd{1/2}sr{1/2}mno3,1
solitons:,1
arrangement,1
average,1
hydrogenic,1
donor,1
drawdowns,1
$š=1/2$,1
two-loop,1
tetragonal,1
uneven,1
screw,1
n-mers,1
order-parameter-dependent,1
mobility:,1
coercivity,1
magneto-elastic,1
quasielastic,1
codon,1
usage,1
kardar--parisi--zhang,1
cobalt,1
prinag_2:,1
harper's,1
antiferromagnetically,1
h_2,1
dissociative,1
flows:,1
gauge-glass,1
na_{0,1
96}v_{2}o_{5},1
trotter-number-dependent,1
heterostructures},1
weak-coupling,1
radius,1
avoided,1
scarring,1
simplicial,1
point:,1
λφ^4,1
$ε$-expansions,1
$σ$-model,1
$2+ε$,1
pseudo-goldstone,1
condensed-matter,1
w-infinity,1
superspaces,1
swift-hohenberg,1
doubly-charged,1
nmg2+,1
n=1-29,1
particular,1
output:,1
subdecoherent,1
coulomb-like,1
single-species,1
triaxially,1
000bar1,1
sr14cu24o41:,1
extracted,1
cat,1
kink-antikink,1
valence-bond,1
$xx$,1
93,1
07,1
f2,1
time-delay,1
$ν$=5/2,1
enigma,1
diffusion-control,1
time--reversal,1
symmetry'',1
ranged,1
bethe-,1
matter-field,1
constructed,1
composite-spin,1
pr_{1-x}ca_{x}mno_{3},1
momentum-space,1
wave-functions,1
hole-like,1
quasi-spherical,1
merton's,1
multivalent,1
sub-k,1
plasmon-enhanced,1
plate,1
graded,1
spin-dependent,1
ferromagnet/normal-metal/ferromagnet,1
gd-y,1
square-hexagonal-dodecagonal,1
rb2co1-xmgxf4,1
fecl2,1
which,1
mu_b,1
<=,1
k_b,1
<<,1
yba_2cu_3o_{6+x},1
magneto-transport,1
3d-0d,1
2d-0d,1
memorization,1
end-chain,1
multifractal?,1
monomer-dimer,1
trestle,1
zeolite,1
gap's,1
angles,1
surfaces;,1
cassie's,1
wenzel's,1
eigenvector,1
d_x^2-y^2+id_xy,1
anti-phase,1
lanthanum,1
griffith,1
lacoo_3,1
elser-sloane,1
improvements,1
regularized,1
cannon,1
"orbital,1
paramagnetism,1
superconductor",1
perchlorate,1
la_{7/8}sr_{1/8}mno_3,1
superdiffusion,1
quantum-dynamical,1
coordination,1
sinai's,1
non-dissipative,1
device,1
not,1
quasilattices,1
phase-transitions,1
quiet,1
sds,1
translational,1
ring:,1
analogies,1
appropriate,1
strengthened,1
lindblad,1
inequality:,1
ferron-like,1
yba_2cu_3o_,1
6+x,1
fractionated,1
mn_12-acetate,1
avrami,1
ni-mo,1
trimerized,1
alloy-analogy-based,1
timelike,1
$^{3}$he,1
d+n,1
genetics,1
pleiotropy,1
spacings,1
properties:,1
spread,1
tial,1
circular-like,1
maps:,1
electron-fluctuation,1
$f=1$,1
asymptotics,1
finite-perimeter,1
argument,1
tl2ba2cuo6+x:,1
microlensing,1
rotational,1
2212,1
unidirectionally,1
monodispersed,1
nanosize,1
diagonalization:,1
symplectic,1
spin-flop,1
discommensuration,1
jumps,1
n-tree,1
coupled-map,1
defect-unbinding,1
inherent,1
reformation,1
reweighting,1
approximants,1
``nonuniversal,1
growth'',1
lubricating,1
bacteria,1
nishimori,1
process;steady,1
needles,1
kinesin,1
walk:,1
elastically,1
heads,1
treasury,1
thermometer,1
obtain,1
gross-pitaevskii,1
counterpart,1
texture,1
secondaries,1
small-$q$,1
semi-flexible,1
velocities:,1
sph,1
offset,1
acceptor,1
donors,1
viscometric,1
multi-step,1
microscope:,1
retarded,1
strict,1
unnecessary,1
photoconductivity,1
charge-ordered,1
muon,1
prinag_2,1
array-induced,1
microphase,1
hopping-disorder-induced,1
fss,1
nacl-type,1
fen,1
hyperelliptic,1
nanographite,1
ribbons,1
real-axis,1
eliashberg,1
bi2sr2cacu2o{8+x},1
impurity-induced,1
``holes'',1
section,1
smectic-nematic,1
plane:,1
josephson-coupled,1
subsequences:,1
ferroelectricity,1
bismuth,1
:hall,1
origins,1
double-spin-chain,1
``electrical,1
formalism'',1
parameters:,1
"superconductor-insulator,1
transition",1
dishomogeneity,1
$q^2$,1
superantiferromagnetic,1
selftrapping,1
applicable,1
pd/cu,1
interchange,1
nanowire,1
$/nu=1/2$,1
nonlocally-correlated,1
sluggish,1
bi2sr2cacu2o8+delta,1
wood,1
fractured,1
fluctuation-based,1
yba_{2}cu_{3}o_{7-δ},1
$n\to\infty$,1
melt:,1
superinsulator,1
immunization,1
aging:,1
high-field,1
melts:,1
silo,1
grains:,1
friction-induced,1
density:,1
spin-current,1
research:,1
"localization,1
structures",1
bruekner,1
index,1
two-layer,1
triaxial,1
spectrometry,1
temperature-modulation-based,1
thermoregulation,1
nu,1
broken-symmetry,1
mori,1
measure,1
pnictide,1
parafermions,1
patterns:,1
invading,1
electrolyte,1
single-file,1
pores:,1
solute,1
permeability,1
rectified,1
osmosis,1
responsivity,1
thz-photon,1
detectors,1
tungsten,1
bronzes,1
-role,1
$so,1
predominantly,1
bi2sr2cacu2o8-d,1
far,1
micro-structures,1
spinwaves,1
mossbauer,1
dark,1
free-carrier,1
gan/ingan,1
four-leg,1
multispin,1
$nr_4,1
[ni,1
dmit,1
_2]_2$,1
quarter-filling,1
coarse-grained,1
combustion,1
kinematic,1
tracer,1
silos,1
algorithmic,1
flexibility,1
nematic-smectic,1
expansion-modificaction,1
explanation,1
non-analyticity,1
callan-symanzik,1
beta-function,1
non-classical,1
unbroken,1
symmetry:,1
carlo:,1
group-equations,1
phase-transition,1
-theories,1
+higgs,1
monopole:,1
$e^+e^-$,1
colliders,1
observe,1
rays?,1
2-flavor,1
two-flavor,1
foldings,1
superduality,1
conformally,1
2<d<4,1
combinatorial,1
diffractive,1
multi-component,1
self-similarities,1
parametrically,1
orbital-free,1
na8,1
na20:,1
core:,1
manifestations,1
singularities:,1
feynman's,1
$u_{q}[sl,1
haldane-shastry,1
single-well,1
y-ba-cu-o,1
argon,1
co2,1
pariser-parr-pople,1
polyacetilene,1
mbe,1
combinatorics:,1
2+p,1
-sat,1
handle,1
ultracold,1
conductance:,1
correct?,1
short-ranged,1
li11+,1
consumption,1
xy-model,1
multifragmentation:,1
``superfast'',1
magnetoplasma,1
waerden's,1
colouring,1
weak-strong,1
single-impurity,1
precise,1
defect-free,1
horizontal,1
spreading:,1
calculations:,1
'controlled,1
approximations',1
localizations,1
rotators,1
dendrimers,1
films:,1
cahn,1
hilliard,1
f^2,1
photophysical,1
cases,1
1/q,1
activation-relaxation,1
immobility,1
effect?,1
$α'-nav_{2}o_{5}$},1
linelike,1
suprcpnducing,1
hc1<<b<<hc2,1
carrier-carrier,1
open-systems,1
correlation-enhanced,1
types,1
lorentz's,1
spontaneously,1
hierarchy:,1
harmonics,1
cracking,1
piles,1
negatively,1
magneto-excitons,1
x-,1
skewness,1
sl_q,1
2/1,1
poincare,1
lag,1
magneto-tunneling,1
copper-oxides,1
polygonal,1
``roughening,1
media'',1
cities:,1
periods,1
stretching,1
dna:,1
nonuniversality,1
superfluorescent,1
quasiballistic,1
semi-analytical,1
branched,1
inhibited,1
halogen-bridged,1
complexes,1
mev,1
fermi-bose,1
non-degenerate,1
subsequence,1
qauntum,1
ba_2,1
ge_2,1
o_7,1
jordan,1
behind,1
two-exciton,1
denominators,1
xxx-heisenberg,1
base-stacking,1
double-stranded,1
slippage,1
cohesive,1
position-space,1
ybb_12:,1
fractons,1
coloring,1
satisfiability,1
spin-coherent,1
fixed-n,1
stokes-einstein,1
mn12-acetate,1
thomas-fermi,1
field-cooled,1
liquid-crystal/polymer,1
$α$-process,1
two-dimensions,1
challenging,1
qmc,1
pile,1
multiband,1
two-lane,1
cholesteric,1
phase-field,1
seismicity,1
electron--electron,1
keldysh,1
electron-energy-loss,1
power-law,1
dpd,1
impurities:,1
simultaneous,1
jump,1
time-reversal-symmetry-broken,1
{110},1
unrenormalized,1
perturbation-theoretical,1
6-x,1
nd,1
plasma:,1
conceptual,1
"predominantly,1
miyakawa,1
et,1
hydrogenated,1
inner,1
voids,1
semicircle:,1
dirichlet,1
`non-universal,1
growth'",1
cosi${}_2$/si,1
pi-conjugated,1
graphitized,1
corner,1
gas-liquid,1
double-island,1
twistons,1
pair-tunneling,1
hubbard--i,1
adapted,1
multi-state,1
trained,1
dressing,1
subtle,1
fe/au,1
methodology,1
hedge,1
fe8,1
oppositely,1
reorganization,1
fe0,1
7al0,1
occupation,1
expulsion,1
atom-size,1
gas-kinetic-based,1
explaining,1
beating,1
swimming,1
internally,1
filaments,1
vanishing,1
bi_2sr_2cacu_2o_8+d,1
schwinger-keldysh,1
finkelstein's,1
among,1
dilation,1
squid,1
ho-ba-cu-0,1
time-,1
distance-headways,1
vehicular,1
traffic:,1
hindrances,1
single-qubit,1
filter,1
i-al,1
68,1
23,1
2f,1
bergman,1
polytopes,1
triply,1
moulds,1
omni-directional,1
attached,1
projecting,1
send,1
way?,1
hilbert-space,1
point-contact,1
analyticity,1
fine,1
equiatomic,1
tracking,1
jastrow-product,1
thicknesses,1
tc-inhomogeneity,1
nonperturbative,1
imposed,1
liquid?,1
n-s,1
coordinate-dependent,1
superconducting-semiconducting,1
operation,1
not-and,1
gate,1
few,1
magneto-impedance,1
$la_{1,1
2}sr_{1,1
8}mn_{2}o_{7}$:,1
unstressed,1
2deg,1
helix-coil,1
poly-alanine,1
sign-time,1
upt_5-xau_x,1
`roughening,1
systems'",1
``on,1
gas'',1
cond-mat/9810297,1
bec,1
incremental,1
polyvalent,1
phonon-assisted,1
magnetocapacitance,1
semi-markov,1
2-leg,1
stack,1
valves,1
bonding,1
fe_4n,1
fe_3n,1
fe_2n,1
q-ising,1
y2banio5,1
non-cohesive,1
degrees-of-freedom,1
slant:,1
met-enkephalin,1
magnetoplasmons:,1
edge-state,1
superconductor/semiconductor,1
ramified,1
pearce:,1
learned?,1
roentgen,1
la2/3,1
1/3mno3,1
ridges,1
fourth-order,1
characterize,1
markov,1
diode-laser,1
classical-quantum,1
color-flavor,1
notes,1
reversibly-damped,1
data-adaptive,1
multi-scale,1
chapman-enskog,1
thermohydrodynamic,1
lattice-bgk,1
neuberger-dirac,1
pseudo-character,1
cp^{n-1},1
large-q,1
high-accuracy,1
propagators,1
quarkonia,1
regge,1
instantaneous,1
manifestly,1
entropic,1
c-theorems,1
level-1,1
$z_6$,1
reductions,1
delta-interaction,1
multiplying,1
voiculescu's,1
formulae,1
tubes,1
v:,1
vi:,1
summary,1
several,1
ni2+,1
kirchhoff,1
filaments:,1
peptides,1
cubical,1
use,1
considerations,1
n-photon,1
ultralow,1
insufficient,1
reason,1
sympathetic,1
bose-fermi,1
xxc,1
rco5,1
co-operative,1
cross-correlation,1
turbulence:,1
torus:,1
double-crossed,1
model},1
josephson-quasiparticle,1
current-phase,1
consideration,1
orthogonalization,1
building,1
space:,1
quasi-heatbath,1
carried,1
bi2212:,1
superstructure,1
triplets,1
excitations:,1
$j_1-j_2-δ$,1
readout,1
srcu$_2$,1
bo$_3$,1
fock-space,1
quenched-in,1
forcing,1
polarized-neutron,1
nd$_2$banio$_5$,1
yba_2cu_3o_{6,1
99},1
knight,1
tough-brittle,1
myopic,1
correction-to-scaling,1
science,1
fiction,1
steadily,1
settling,1
variable-system-size,1
grafted,1
amphiphiles,1
melting:,1
1/8th,1
autocatalysis,1
powder,1
tunneling;,1
bistabilities,1
self-sustained,1
four-island,1
tunnel-junction,1
hyper-raman,1
prior,1
t-t'-t''-j,1
spin-ladders:,1
cl,1
recoil,1
growth:,1
multi-polymer,1
omnidirectional,1
kolmogorov-johnson-mehl-avrami,1
"general,1
transitions",1
bond-versus-site,1
off-chain-doped,1
y$_2$,1
ba,1
o$_5$,1
small-polaron,1
quasicondensation,1
hexadecane-in-water,1
money,1
bandstructure,1
-sio2,1
giving,1
theoretic,1
rba_2cu_3o_{6+x},1
long-term,1
perceptron,1
insensitivity,1
reaction-diffusion-branching,1
cu$_{5}$o$_{4}$,1
sub-gap,1
matrix-element,1
subsurface,1
electron-spin,1
candidates,1
dipoles,1
basic,1
quasi-critical,1
combined,1
sas,1
8-vertex,1
orthogonal-unitary,1
symplectic-unitary,1
scanned,1
displacements,1
little-parks,1
-symmetry,1
proximity-induced,1
circle,1
obtained,1
diagnostics,1
"el,1
farol",1
bar,1
z_2,1
creutz,1
a_1,1
tellurium,1
frictionless,1
+/-,1
converging,1
kohn-sham,1
spin-accumulation,1
eraser,1
cond-mat/9808078,1
cond-mat/9808053,1
lower,1
h_c1,1
entry,1
bi_2sr_2cacu_2o_{8+delta},1
"mesoscopic,1
superconducting-normal,1
metal-superconducting,1
transistor",1
photoemmision,1
sr_2ruo_4,1
ce-type,1
a-type,1
half-doped,1
la{1}sr{2}mn{2}o{7},1
interstitials,1
finance:,1
electro-mechanical,1
fredericks,1
volumes,1
thorium,1
plutonium,1
irradiation:,1
intra-chain,1
attractions,1
geometry-limited,1
assembly,1
spatio-selection,1
expanding,1
gallavotti-cohen,1
smith-waterman,1
alignments,1
crowd,1
competitive,1
director,1
----a,1
sets:,1
squeezing,1
micron-sized,1
cantilevers,1
anti-symmetrically,1
fused,1
uimin-sutherland,1
tricriticality,1
corruption,1
site-specific,1
h2,1
state-dependent,1
synapses,1
emerging,1
hardcore,1
anti-jahn-teller,1
lamno$_3$,1
pores,1
semimetallic,1
polycrystaline,1
yoctocalorimetry:,1
au,1
electron-like,1
polaron-like,1
wet,1
bandgap,1
tensile,1
torsional,1
electrodes,1
$ε$-fesi,1
proteins:,1
overdispersion,1
``superconducting,1
prba_2cu_3o_x'',1
losses,1
prba_2cu_3o_{7-y},1
pr,1
sublattices,1
crossings,1
hall-effect,1
luni_2b_2c,1
liouvillian,1
simulate,1
``effective,1
fermions",1
k:,1
amenable,1
experiments:,1
non-equivalent,1
hund,1
fun,1
triangulations,1
minimizing,1
increases,1
singlet-triplet,1
pseudo-jahn-teller,1
locally-coupled,1
fiber,1
load,1
sharing,1
snaking,1
midgap,1
voltage-biased,1
`general,1
transitions'",1
mg,1
se,1
quaternary,1
r_{1-x}a_{x}mno_{3},1
benzoate,1
la_0,1
875sr_0,1
125mno_3,1
$t/\sqrt,1
h$,1
nonreciprocal,1
formed,1
chlorination,1
hypercubes,1
temperature-concentration,1
cu1-xmgx,1
normal-superconductor,1
unitarity,1
metal-nonmetal,1
nis,1
equivalent-neighbor,1
"electronic,1
approach",1
superconductor-ferromagnetic,1
approaches:,1
si-engineered,1
al/ingaas,1
condenstates,1
abelian-higgs-navier-stokes,1
high-precision,1
nb,1
bi_2sr_2cacu_2o_{8+delta}:,1
fibonacci,1
$δ$-function,1
a-site,1
mismatch,1
5}$ca$_{0,1
5-x}$ba_{x}mno$_3$,1
spin-singlet,1
c=3/2,1
takhtajan-babujian,1
c=1,1
foldability,1
designability:,1
pretty,1
double-occupied,1
unfolding,1
topologically,1
no+co,1
overcritical,1
torque,1
inter-subspace,1
intra,1
subspace,1
racemic,1
dmpc,1
multibilayers,1
multifractality:,1
reconstructing,1
glassiness,1
multi-spin,1
allow,1
polarization?,1
migration,1
gd$_2$pdsi$_3$,1
lagrange,1
multipliers:,1
sr$_2$cuo$_2$cl$_2$,1
tb$_2$pdsi$_3$,1
dy$_2$pdsi$_3$,1
crosslinked,1
importance,1
self-consistency,1
d-i-n,1
55ho0,1
15sr0,1
diatomic,1
excitatory-inhibitory,1
stimulation:,1
segmentation,1
'strong-coupling',1
bogoliubov,1
error-correction,1
codes,1
phenomenon,1
2-108,1
4-297,1
random-storage,1
formulas,1
archimedean,1
bi-criticality,1
rotor,1
survival-time,1
multi-overlap,1
lasrcuo:,1
xafs,1
cosmic-dust,1
wobbling,1
asteroids,1
comets,1
emissions,1
hawking,1
tft98:,1
proceedings,1
5th,1
international,1
workshop,1
hadron,1
bukhvostov,1
lipatov,1
gap:,1
shannon--wiener,1
field-theoretical,1
off-critical,1
double-delta,1
magnetizing,1
n+1|m,1
generators,1
pairing-force,1
foam,1
galitskii-feynman,1
spurious,1
faddeev,1
dictyostelium,1
radiometric,1
multicharged,1
electron-ion,1
prismane,1
c_8:,1
carbon?,1
solid-state,1
de-broglie,1
wave-front,1
engineering,1
leaky,1
realizations,1
discontinuity-inducing,1
renormalizability,1
magneto-transverse,1
nuclear-spin,1
detected,1
shells,1
tale,1
odd,1
"bose,1
einstein",1
independence,1
buckling,1
cuo$_2$:,1
cloud,1
question,1
seven,1
decades,1
13,1
83,1
compute,1
cloned,1
9}sr_{0,1
1}cuo_{4},1
devil's,1
staircases,1
arnold,1
tongues,1
antiferromagnetism:,1
divergences,1
plateau-insulator,1
analyzed,1
nitrogen,1
dhva,1
pauli-limited,1
poor,1
solvents,1
unbounded,1
shifting,1
lamn2ge2;,1
haldane-rezayi,1
pauli,1
non-cayley-tree,1
tunnel-coupled,1
elongational,1
magnetothermal,1
$ν=1$,1
gdni:,1
magnetic-polaronic-like,1
f-metals,1
self-structuring,1
v-groove,1
7-x,1
interaction-induced,1
kinky,1
sadler-gilmer,1
dynamo,1
transresistivity,1
parts,1
silica:,1
insight,1
expression,1
subset,1
fourth,1
virial,1
circuits,1
nanocrystalline,1
copolymer,1
si_{1-x}ni_x:,1
mott's,1
undercooling,1
cavitation,1
explosion,1
optimisation,1
$β$-sic,1
plane-wave-based,1
conductor,1
biphononic,1
1125,1
cm^,1
-1,1
cuprous,1
optimized,1
tolerance:,1
mesophases,1
spin-triplet,1
even-parity,1
high--temperature,1
ceni2ge2,1
sr_xcuo_4,1
power-laws,1
frenkel-kontorova-type,1
phonon-phason,1
noninteracting,1
nanoparticle,1
n--spin,1
facilitated,1
spatio-temporal,1
vehicles,1
'slow-to-start',1
nano-ploughed,1
on-chip,1
kondo-effect,1
navier-stokes,1
thermostatistics,1
demonstration,1
applicability,1
drops,1
dopant,1
ferromagnet/insulator/superconductor,1
automata:,1
oriented,1
frohlich,1
micromagnetism,1
heights,1
waveguide,1
potentiometry,1
appearance,1
disorders,1
return,1
mendelssohn,1
astronomy,1
point-contacts,1
q-expectation,1
values,1
stable:,1
illustrations,1
kolmogorov,1
glass-forming,1
carbonate,1
``activation,1
fermions'',1
si-mos,1
rkky,1
t-t'-j,1
spin-pseudospin,1
cp$^{3}$,1
crossover:,1
retrieving,1
ubiquity,1
matrix-product,1
rooted,1
tutte,1
packings,1
knots,1
entangled,1
multimode,1
sr_xcuo_2,1
irrelevance,1
non-ideal,1
magneto-thermopower,1
6}y_{0,1
1}ca_{0,1
pulsating,1
bidirectional,1
central,1
asep,1
cavities:,1
information-theoretic,1
cycling,1
spin-glasses,1
quantifying,1
mems,1
short-distance,1
alpha-helices,1
banded,1
$t-t'-u$,1
percolation-like,1
ferroelectrics-semiconductors,1
tlin_{1-x}fe_xs_2,1
superconductivities,1
autolocalization,1
spectra:,1
nonuniversal,1
sio$_2$,1
glycerol,1
carbonate:,1
cw,1
``fragmented'',1
bi_{2}sr_{2}cacu_{2}o_{8+δ},1
gamma,1
saws,1
manhattan,1
past,1
multiphonon,1
diagramm,1
la{1-x}sr{x}mno3,1
nb/pd_1-xfe_x/nb,1
triple,1
stripe-phase,1
quantum-critical-point,1
quasi-long,1
hartree-fock-bogoliubov,1
identifying,1
nucleus,1
parafermion,1
quasihole,1
"is,1
unobservable?",1
ν=2/3,1
force-constant,1
aln:,1
gan/aln,1
electroosmosis,1
concentrated,1
diaphragms,1
consisting,1
spheric,1
colloid,1
dispersity,1
account,1
insoluble,1
maser,1
medium:,1
7}sr_{0,1
3}mno_{3},1
spatially-anisotropic,1
frozen,1
hubbard-type,1
non-condensate,1
cuo_2,1
calculate,1
degree,1
ferromagnets?,1
gases'',1
"charged,1
layers",1
das,1
sarma,1
hwang,1
cond-mat/9812216,1
superfluid-localization,1
penertration,1
"hall,1
rate",1
single-layer,1
bi_{2}sr_{2-x}la_{x}cuo_{6},1
905}ba_{0,1
095}cuo_{4},1
hikami,1
boxes,1
bi_{2}sr_{2}ca_{1-x}y_{x}cu_{2}o_{8},1
helicity,1
modulus,1
rejection-free,1
ruggedness,1
stop,1
vortex-liquid,1
bi2sr2cacu2oy,1
successive,1
superfuilid,1
^3he,1
"universality,1
conductors",1
advantage,1
geography,1
"wigner,1
crystal",1
"stripe",1
crystallographic,1
333ca0,1
667mno3,1
maxima,1
bias:,1
eutectic,1
colony,1
arpes,1
$\pm,1
j$,1
biquadratic,1
3he:,1
lessons,1
field-asymmetric,1
quantum-size,1
pressed,1
nanocomposites,1
cones,1
high-mobility,1
sterols,1
sense,1
swelling,1
phantom,1
cross,1
link,1
functionality,1
chain--generating,1
self--avoiding,1
family:,1
limit'',1
"ising,1
field",1
isomers:,1
cotton-mouton,1
cmr,1
kronig-penney-ising,1
knbo,1
3:,1
atomically,1
single-walled,1
aes,1
eels,1
p-,1
t-,1
violating,1
polarisation,1
o-tas$_3$,1
c_60:,1
multicritical,1
ni/cu,1
roughness,1
dimer-type,1
$la_{0,1
5}sr_{0,1
5}coo_3$,1
upt3,1
memories,1
zigzag,1
srcuo2,1
galaxies,1
homogeneity,1
computation:,1
random-number,1
generations,1
sailing,1
blue,1
iterated,1
quark-gluon,1
primer,1
ode,1
superstring,1
polylogarithms,1
1+1-dimensional,1
polymerised,1
q-operators,1
kam,1
tori,1
survey,1
highest,1
$u_q,1
\hat{sl},1
2|1,1
non-instant,1
colliding,1
''glue,1
burst'',1
münchhausen,1
millisecond,1
pulsars,1
nature's,1
standards,1
fourier,1
timing,1
observations,1
low-frequency,1
nearby,1
delta,1
strengths,1
large-order,1
